id,name,Age,visit_per_week,fav_group_lesson,avg_time_check_in, avg_time_check_out,avg_time,Wed
1,Fey,48,1,"back, chest",19:31:00,21:29:00,61,True
2,Doralin,33,4,,19:31:00,21:55:00,128,True
3,Linc,46,3,"Core, Cardio",8:29:00,10:49:00,141,True
4,Darren,42,1,,9:54:00,12:00:00,95,True
5,Petr,32,2,Leg,8:29:00,9:48:00,97,True
9,Borden,40,2,"chest, Leg, chest",9:45:00,11:15:00,115,True
10,Abbye,12,1,,13:05:00,15:56:00,102,True
12,Ely,41,3,Cardio,10:12:00,11:46:00,131,True
14,Alie,47,5,,19:50:00,22:43:00,105,True
20,Abe,17,4,"chest, back, Core",13:55:00,16:26:00,94,True
23,Kimberlee,18,5,Arm,20:56:00,21:56:00,127,True
24,Mar,29,5,,14:34:00,15:13:00,116,True
27,Kenon,33,3,"Core, Leg, Core",15:01:00,16:51:00,49,True
32,Nataniel,24,4,,20:53:00,21:34:00,73,True
33,Hestia,19,3,Cardio,10:23:00,11:43:00,77,True
36,Morie,38,4,"Core, chest, Arm",13:39:00,14:10:00,158,True
37,Shelby,24,4,,9:02:00,11:39:00,91,True
41,Samantha,28,5,,16:04:00,18:50:00,88,True
47,Sigfrid,12,2,,15:02:00,16:06:00,31,True
49,Anette,47,2,back,11:56:00,14:53:00,91,True
52,Nathanil,48,4,"chest, Leg",20:58:00,23:44:00,154,True
54,Maud,16,1,"Cardio, Leg, chest",20:36:00,23:18:00,156,True
56,Paten,35,2,,17:13:00,18:53:00,175,True
57,Isahella,12,4,,8:36:00,9:29:00,129,True
58,Benton,38,3,"chest, Leg, back",12:19:00,12:56:00,103,True
63,Chaddy,43,1,,17:22:00,18:51:00,166,True
64,Bridget,42,2,,10:41:00,12:56:00,166,True
66,Constancia,19,2,,13:06:00,15:49:00,97,True
68,Shelden,16,1,"Leg, Cardio",13:04:00,15:03:00,30,True
71,Vincenz,33,3,"chest, chest, Cardio",13:04:00,14:35:00,151,True
79,Morgan,40,5,"Core, Cardio, chest",12:44:00,14:31:00,91,True
82,Sayres,46,4,"Leg, Leg, Core",18:55:00,21:36:00,170,True
84,Rusty,31,1,"back, Arm, Leg",9:15:00,12:06:00,87,True
85,Crin,17,3,"Arm, Leg",19:07:00,19:49:00,68,True
88,Karolina,20,2,,11:29:00,12:29:00,83,True
89,Shirlee,24,3,back,10:34:00,11:38:00,101,True
94,Karlyn,43,3,chest,16:43:00,17:27:00,111,True
95,Jen,40,3,"chest, Leg, Cardio",10:10:00,11:24:00,44,True
96,Hunt,49,3,,10:28:00,13:10:00,178,True
97,Barnebas,31,5,,14:16:00,15:12:00,151,True
98,Emanuel,34,2,,16:57:00,18:07:00,69,True
100,Cherise,31,5,,8:34:00,9:53:00,90,True
101,Giselbert,27,3,Arm,10:11:00,12:14:00,98,True
104,Rodi,38,3,,13:19:00,14:55:00,141,True
107,Shawnee,15,5,,20:13:00,23:00:00,84,True
112,Waylin,33,2,"Cardio, Cardio, back",16:33:00,18:39:00,149,True
114,Catherine,16,4,,13:51:00,16:27:00,164,True
118,Esra,44,2,,8:23:00,11:10:00,166,True
119,Bank,45,5,"Arm, chest",13:30:00,14:12:00,138,True
120,Selle,49,2,,14:55:00,15:47:00,57,True
121,Robinetta,43,3,"chest, back, Cardio",19:19:00,20:10:00,84,True
123,Carmencita,48,1,,9:46:00,10:59:00,82,True
125,Jae,13,2,,14:09:00,15:20:00,162,True
130,Cody,47,1,,19:40:00,20:13:00,154,True
131,Garrott,30,3,,15:41:00,17:17:00,100,True
134,Pooh,21,1,"Leg, Leg, Core",9:31:00,10:47:00,139,True
136,Helga,36,2,,16:51:00,18:58:00,85,True
137,Marga,28,4,,10:32:00,11:36:00,60,True
139,Nesta,17,5,,19:28:00,22:07:00,33,True
141,Park,29,2,Cardio,19:59:00,21:54:00,137,True
144,Rickard,30,4,Core,20:30:00,22:23:00,75,True
146,Julina,29,1,"Core, chest, back",20:23:00,23:12:00,101,True
149,Andrew,17,1,,17:57:00,18:41:00,63,True
153,Gail,23,5,"Leg, Leg, Core",16:41:00,18:43:00,113,True
154,Burke,40,5,"back, Core",11:18:00,14:07:00,89,True
157,Jillie,41,5,,11:51:00,13:56:00,59,True
158,Torrance,49,1,,14:12:00,17:04:00,90,True
161,Adriane,47,3,Core,15:41:00,16:43:00,99,True
163,Cesaro,43,1,,8:42:00,9:39:00,61,True
167,Nessie,27,2,"Leg, Cardio, back",9:55:00,11:08:00,105,True
168,Desi,32,5,Leg,12:27:00,14:20:00,130,True
169,Odelinda,47,1,"back, Leg",13:32:00,14:12:00,42,True
171,Corabella,23,5,,16:39:00,18:24:00,77,True
173,Feliks,23,1,,16:55:00,19:23:00,59,True
176,Burty,14,2,,9:34:00,11:21:00,149,True
180,Nolly,39,1,back,8:33:00,9:21:00,99,True
181,Jeremiah,30,5,"back, Core",10:50:00,13:48:00,52,True
183,Steffen,36,1,,13:06:00,13:50:00,100,True
186,Chloe,24,5,,17:42:00,19:32:00,59,True
187,Salvidor,30,5,Cardio,19:49:00,22:43:00,46,True
196,Kendrick,32,1,,20:01:00,21:55:00,94,True
197,Cord,21,4,,13:53:00,15:55:00,65,True
199,Elfie,20,3,,9:55:00,10:32:00,134,True
201,Sheffield,19,4,"Arm, Cardio",13:31:00,14:48:00,91,True
202,Gualterio,27,4,,8:21:00,10:03:00,43,True
205,Trey,18,4,,9:57:00,12:28:00,61,True
212,Giffer,16,3,,17:21:00,18:33:00,46,True
214,Reiko,27,1,,8:34:00,10:25:00,89,True
216,Isaak,15,3,,12:37:00,14:46:00,57,True
219,Harland,24,4,"Leg, back",14:59:00,16:48:00,155,True
220,Any,31,2,,20:57:00,23:26:00,132,True
222,Jesse,26,1,"Cardio, Leg, Arm",20:01:00,22:57:00,30,True
223,Mata,41,4,,20:23:00,21:18:00,55,True
225,Cletis,40,2,,20:08:00,21:33:00,47,True
228,Rowan,36,4,Leg,19:05:00,20:08:00,169,True
229,Harper,46,3,,20:39:00,21:33:00,81,True
230,Alanson,12,1,"back, Core",16:31:00,18:54:00,169,True
233,Jennilee,31,5,,8:34:00,11:04:00,170,True
235,Teirtza,31,4,,11:49:00,12:36:00,77,True
238,Irene,19,3,"Cardio, Cardio",20:15:00,22:22:00,60,True
239,Claudius,19,3,"Core, chest",17:30:00,18:31:00,51,True
240,Stanton,47,3,back,15:49:00,17:30:00,47,True
241,Hedwig,31,5,,11:03:00,11:33:00,90,True
244,Sella,17,5,back,13:50:00,16:37:00,53,True
246,Kary,17,4,,9:12:00,11:51:00,176,True
248,Lib,42,1,,14:59:00,16:34:00,84,True
249,Deloris,21,1,Core,18:00:00,19:58:00,40,True
250,Peter,46,5,,13:26:00,16:21:00,141,True
253,Sergio,14,2,"back, Cardio, chest",14:33:00,15:57:00,135,True
254,Alexei,17,4,,17:12:00,19:36:00,30,True
262,Caritta,29,2,"back, back, Leg",8:39:00,10:43:00,89,True
263,Star,29,2,,8:17:00,10:24:00,72,True
266,Prudence,45,1,"Core, back, chest",18:07:00,19:57:00,34,True
267,Bertie,17,2,,11:33:00,12:31:00,66,True
268,Chadwick,28,1,,18:08:00,20:23:00,127,True
271,Craggy,32,4,,10:08:00,11:55:00,58,True
272,Arley,44,5,back,13:20:00,14:14:00,95,True
277,Trista,48,5,,10:38:00,12:08:00,72,True
279,Mathilda,31,2,,10:43:00,13:06:00,41,True
280,Zachariah,49,1,"Cardio, Core",10:29:00,12:54:00,133,True
286,Dimitry,42,5,,20:16:00,22:00:00,169,True
287,Hieronymus,23,4,chest,19:39:00,21:37:00,158,True
288,Piggy,43,4,,17:30:00,18:03:00,139,True
291,Barbi,19,1,,9:49:00,11:52:00,34,True
294,Maitilde,41,1,"back, Core",13:14:00,15:31:00,98,True
295,Abbie,40,3,,15:28:00,17:03:00,88,True
297,Georas,34,5,,17:29:00,18:11:00,63,True
298,Nicki,43,4,,19:17:00,21:29:00,103,True
299,Avis,47,1,,12:31:00,13:28:00,119,True
300,Ives,29,5,Leg,14:53:00,16:22:00,165,True
303,Therese,14,1,,13:32:00,16:17:00,172,True
306,Seumas,48,3,"Leg, Core, Arm",11:47:00,13:09:00,50,True
309,Virge,18,1,,15:05:00,17:09:00,32,True
316,Eric,46,5,,20:52:00,23:41:00,64,True
317,Willie,26,5,,11:06:00,12:27:00,94,True
320,Lavinia,43,5,Arm,9:36:00,11:51:00,148,True
323,Benjamin,39,4,Leg,17:11:00,18:30:00,100,True
327,Noel,34,4,,14:01:00,16:10:00,90,True
334,Keelby,17,5,,17:29:00,18:04:00,101,True
335,Ladonna,46,1,,13:42:00,15:36:00,56,True
343,Andreana,13,4,Leg,9:53:00,11:35:00,98,True
344,Janela,45,2,"Arm, Cardio",12:50:00,13:59:00,140,True
347,Valentine,32,1,,16:51:00,17:42:00,178,True
362,Melli,15,1,Cardio,11:51:00,12:21:00,53,True
366,Nicolais,37,1,,10:31:00,13:18:00,137,True
367,Cissy,16,4,"Core, Leg, back",20:22:00,21:13:00,57,True
368,Luca,26,3,"chest, Arm",20:41:00,23:06:00,87,True
370,Maryellen,34,3,Leg,13:08:00,14:53:00,42,True
372,Ilyse,38,4,"Leg, back, Leg",11:18:00,12:58:00,130,True
376,Beryle,15,3,"chest, chest",20:16:00,22:46:00,127,True
377,Parke,37,4,,14:36:00,16:16:00,72,True
382,Hagen,12,2,Arm,14:20:00,16:59:00,160,True
384,Priscilla,45,2,"chest, Arm",17:35:00,19:12:00,166,True
388,Ave,15,2,Cardio,20:23:00,22:44:00,34,True
391,Cordelie,22,4,,13:34:00,15:09:00,71,True
392,Dreddy,35,3,"Leg, Arm",8:25:00,9:19:00,70,True
393,Lenna,32,2,"Core, back, chest",10:09:00,11:45:00,56,True
394,Taffy,23,4,,9:30:00,11:33:00,172,True
395,Shelly,27,1,,19:59:00,22:08:00,87,True
396,Yetta,15,4,,13:08:00,15:57:00,123,True
399,Rafferty,40,5,,8:38:00,10:51:00,143,True
407,Oralie,37,5,"Cardio, Leg",17:29:00,19:55:00,121,True
410,Zedekiah,17,4,,11:20:00,14:17:00,136,True
416,Olag,35,5,Cardio,19:37:00,20:28:00,132,True
421,Caitlin,47,5,,14:54:00,16:01:00,131,True
423,Koren,43,5,"Core, Cardio, Leg",18:48:00,20:55:00,120,True
431,Willard,39,5,Core,16:01:00,17:47:00,61,True
432,Reed,20,3,"back, Leg, Cardio",10:56:00,11:54:00,48,True
434,Sabra,36,5,,18:14:00,20:34:00,144,True
437,Aldwin,18,2,"Cardio, Leg, chest",16:29:00,17:28:00,137,True
448,Jean,23,3,,17:22:00,19:06:00,131,True
449,Catriona,40,1,"chest, Cardio, back",18:43:00,19:47:00,63,True
450,Hunter,43,3,"Leg, chest, Core",19:08:00,21:45:00,92,True
451,Cherish,23,1,chest,14:27:00,15:02:00,70,True
452,Augusta,49,2,Leg,16:21:00,19:15:00,142,True
460,Blithe,21,4,,9:22:00,11:52:00,88,True
464,Arda,32,1,"chest, Core",20:54:00,23:53:00,90,True
469,Decca,24,1,Cardio,13:39:00,15:34:00,127,True
473,Boniface,22,1,Leg,9:46:00,11:11:00,171,True
478,Claretta,37,1,,11:56:00,14:22:00,95,True
489,Huntley,48,1,,12:42:00,14:00:00,134,True
490,Sheilakathryn,36,3,,9:55:00,11:52:00,59,True
494,Mil,35,5,"chest, Core",11:50:00,14:03:00,165,True
501,Gib,47,1,"Cardio, chest",19:22:00,21:24:00,89,True
503,Sib,48,5,,15:10:00,16:35:00,70,True
504,Filia,49,4,"Arm, Leg, Cardio",12:33:00,13:14:00,66,True
506,Dasie,32,2,,18:28:00,20:13:00,114,True
515,Laney,30,4,,8:29:00,10:48:00,86,True
519,Hollis,35,5,"Core, Leg, Arm",10:34:00,12:07:00,115,True
525,Charisse,21,1,,18:22:00,19:32:00,62,True
526,Tailor,28,4,Core,13:43:00,14:38:00,120,True
530,Sandy,13,2,"back, chest",19:59:00,20:45:00,114,True
531,Zacharie,28,1,"back, chest",14:51:00,16:43:00,138,True
532,Skell,18,2,"chest, back, Core",16:04:00,17:35:00,49,True
535,Enos,30,4,chest,17:46:00,18:42:00,47,True
536,Giselbert,23,2,,16:05:00,17:44:00,170,True
537,Jane,42,2,"chest, chest, Leg",10:22:00,10:58:00,139,True
555,Garner,37,4,"chest, Cardio",19:22:00,21:45:00,125,True
559,Bride,46,5,,17:54:00,20:01:00,126,True
561,Monique,37,4,chest,13:20:00,14:11:00,129,True
563,Filippa,28,3,,18:39:00,20:06:00,98,True
567,Verile,16,5,back,19:09:00,21:43:00,60,True
572,Sheila,12,1,"Leg, Cardio",17:04:00,18:45:00,173,True
573,Iggie,29,5,,18:16:00,21:00:00,55,True
582,Avie,31,5,"chest, chest",14:41:00,16:39:00,176,True
583,Giacinta,30,3,,16:34:00,18:52:00,68,True
585,Courtenay,15,4,back,20:45:00,22:20:00,70,True
587,Cammy,47,5,Leg,15:57:00,17:27:00,139,True
588,Rochester,35,2,"chest, Core",8:22:00,9:58:00,50,True
589,Adham,45,1,,14:06:00,15:33:00,172,True
590,Toby,15,4,"Core, Cardio",9:51:00,11:47:00,138,True
591,Waylen,17,5,"Arm, Cardio, back",12:50:00,13:26:00,82,True
593,Honor,19,5,,19:51:00,20:25:00,154,True
595,Orazio,36,4,"chest, back, Core",17:06:00,18:28:00,161,True
596,Darius,42,3,,20:46:00,23:33:00,56,True
599,Weber,34,2,,8:35:00,10:58:00,154,True
600,Meyer,29,3,,19:40:00,20:39:00,106,True
602,Germayne,17,1,,15:41:00,17:45:00,113,True
606,Ruben,42,4,"Core, Cardio, Leg",20:39:00,22:49:00,68,True
607,Maureene,30,4,,16:20:00,17:41:00,170,True
608,Ekaterina,28,2,Arm,8:46:00,9:19:00,114,True
611,Arly,22,3,"back, Core, Leg",14:49:00,16:43:00,174,True
616,Dennis,49,2,,11:30:00,12:56:00,43,True
617,Duffie,49,3,,15:28:00,16:07:00,143,True
620,Geneva,32,2,"Core, Core",10:26:00,11:50:00,49,True
622,Glory,42,3,"back, Arm",15:30:00,16:19:00,52,True
625,Olympie,27,5,,19:28:00,20:35:00,94,True
628,Welbie,27,4,,16:53:00,18:40:00,155,True
629,Jean,23,5,,11:02:00,11:46:00,173,True
631,Cordy,28,5,,8:50:00,10:06:00,44,True
633,Trula,46,4,Leg,14:42:00,16:22:00,59,True
636,Georgeanne,41,3,"Core, back",13:24:00,14:20:00,76,True
640,Romola,45,1,"chest, Cardio",10:00:00,11:01:00,54,True
642,Noelle,14,3,back,12:42:00,15:38:00,173,True
647,Rodd,38,2,"back, chest",18:58:00,21:40:00,165,True
649,Noelani,36,1,,13:50:00,14:35:00,159,True
650,Holly,25,5,"back, chest, Leg",14:54:00,17:17:00,47,True
651,Bradley,39,5,,20:36:00,21:48:00,107,True
652,Jermayne,25,3,,11:06:00,13:25:00,89,True
653,Bradford,39,4,,13:11:00,14:08:00,42,True
655,Demetris,45,2,,9:20:00,12:09:00,51,True
656,Barbabas,33,3,"back, Cardio, chest",17:13:00,19:26:00,144,True
662,Giffer,33,4,"back, Arm, Cardio",11:41:00,14:07:00,120,True
666,Hesther,48,2,Cardio,10:42:00,12:53:00,169,True
667,Lewie,44,1,"Leg, Core, chest",11:46:00,13:24:00,150,True
668,Nessy,35,5,"Cardio, Core, Arm",15:00:00,17:49:00,83,True
672,Duffie,21,1,"Cardio, chest, Leg",8:13:00,10:10:00,55,True
673,Tomi,40,4,back,10:49:00,11:21:00,149,True
674,Yehudit,15,3,"Arm, back, Cardio",20:16:00,21:57:00,125,True
677,Tonia,47,3,chest,9:06:00,10:41:00,100,True
678,Jessie,13,3,,13:57:00,16:22:00,91,True
680,Farlee,43,4,"Cardio, back",16:33:00,19:17:00,154,True
682,Maximilien,22,1,,10:54:00,13:07:00,104,True
683,Kenneth,36,4,"Arm, back",20:23:00,23:12:00,135,True
687,Wendall,44,3,back,9:13:00,10:21:00,152,True
689,Elke,41,4,,9:47:00,12:08:00,174,True
692,Matelda,29,5,"chest, Cardio, Arm",16:21:00,17:05:00,127,True
693,Mignonne,48,5,,17:34:00,19:15:00,135,True
697,Alejandro,15,1,"chest, Arm, Leg",10:31:00,12:14:00,100,True
699,Peadar,28,5,"back, chest",18:06:00,20:05:00,110,True
701,Julia,42,1,"back, chest, Leg",11:19:00,13:31:00,174,True
703,Travers,27,3,"Cardio, Leg",16:01:00,19:01:00,66,True
706,Hayley,16,2,,11:05:00,13:40:00,151,True
711,Nelli,24,1,"Core, Leg, Cardio",9:57:00,12:44:00,36,True
712,Paul,16,2,"Core, Leg",13:12:00,14:47:00,118,True
713,Walt,34,5,chest,10:37:00,11:27:00,124,True
716,Emiline,16,5,Leg,18:15:00,18:56:00,170,True
721,Haskel,33,3,,8:38:00,11:17:00,88,True
725,Querida,28,2,,19:18:00,21:30:00,50,True
727,Zeb,38,2,"Leg, Arm, Core",11:51:00,13:01:00,112,True
728,Raina,40,4,"Core, Leg, Cardio",20:57:00,22:46:00,162,True
730,Courtnay,16,3,,15:28:00,18:18:00,46,True
736,WArmaker,25,5,Core,20:54:00,21:45:00,39,True
749,Yolande,21,4,"Arm, back, chest",10:42:00,11:42:00,159,True
750,Agnese,18,5,"chest, back, chest",10:28:00,11:32:00,135,True
752,Daile,35,1,,8:05:00,10:17:00,56,True
753,Jacquette,41,1,,10:11:00,12:17:00,132,True
754,Vida,19,5,,15:13:00,16:46:00,130,True
758,Gabbi,46,4,,15:16:00,16:04:00,105,True
760,Simmonds,49,3,"Core, Leg",9:29:00,11:20:00,99,True
763,Gabbie,39,4,Cardio,15:39:00,18:01:00,83,True
764,Lars,30,4,"Core, back",8:10:00,11:10:00,103,True
766,Kally,17,2,back,14:44:00,17:19:00,84,True
767,Lin,34,3,,13:07:00,14:15:00,158,True
774,Dario,45,4,,12:32:00,13:09:00,150,True
775,Odella,22,3,Cardio,9:35:00,11:04:00,31,True
776,Shannan,40,1,,18:44:00,20:27:00,49,True
780,Dulsea,49,4,,13:20:00,15:17:00,173,True
781,Martyn,12,1,"Cardio, chest, back",16:32:00,17:50:00,78,True
792,Celestina,45,2,Arm,11:44:00,12:54:00,125,True
794,Vallie,47,4,,17:17:00,18:20:00,149,True
797,Alley,46,4,Leg,9:41:00,10:37:00,140,True
801,Bonita,16,4,"Cardio, chest, Arm",19:19:00,21:34:00,75,True
804,Ben,21,4,,8:59:00,11:37:00,153,True
808,Sosanna,27,4,,16:32:00,18:06:00,91,True
814,Naoma,12,5,Leg,15:34:00,18:05:00,77,True
817,Ailee,17,1,,17:06:00,19:24:00,157,True
818,Gavin,30,5,Cardio,11:51:00,13:03:00,172,True
819,Vi,35,5,,8:23:00,11:19:00,167,True
820,Kial,15,3,,14:33:00,16:35:00,64,True
821,Romona,43,5,Core,13:20:00,14:57:00,139,True
822,Mischa,35,3,,19:44:00,21:50:00,120,True
824,Junie,13,4,,17:59:00,19:01:00,170,True
827,WArm,27,2,"Leg, Cardio, back",14:33:00,17:08:00,119,True
828,Margarita,49,5,back,15:53:00,17:27:00,107,True
830,Micky,14,3,"Cardio, back",12:05:00,14:43:00,119,True
832,Caralie,36,4,,8:41:00,9:59:00,83,True
838,Montague,22,2,"Core, Arm, chest",20:40:00,21:39:00,63,True
839,Ynes,15,1,,8:54:00,9:43:00,56,True
844,Ogdan,37,2,"back, Cardio, Leg",13:40:00,14:30:00,71,True
853,Westbrooke,38,2,"Arm, Core",12:16:00,14:58:00,48,True
859,Mikey,32,4,"Arm, chest",14:45:00,15:46:00,40,True
863,Wash,18,2,,11:08:00,11:42:00,178,True
866,Evangelia,46,4,"Core, back",11:46:00,14:21:00,94,True
867,Anderea,38,1,Cardio,16:05:00,17:13:00,173,True
870,Chic,17,3,"Arm, Leg",12:59:00,15:22:00,178,True
871,Annora,43,1,"Core, Core, Cardio",12:21:00,14:19:00,91,True
872,Brennen,33,2,,9:46:00,12:00:00,166,True
875,Lester,14,2,"chest, back",13:45:00,15:30:00,33,True
877,Hobart,47,4,,9:12:00,10:55:00,141,True
878,Elisa,38,4,,14:04:00,16:59:00,110,True
879,Lil,30,4,,10:39:00,13:26:00,45,True
882,Johnna,20,5,,15:39:00,16:35:00,103,True
887,Cord,45,3,,19:04:00,19:49:00,85,True
891,Hamilton,25,4,,11:26:00,12:50:00,72,True
894,Eileen,29,1,"Core, Leg",15:06:00,16:40:00,70,True
895,Robinet,17,2,,16:53:00,17:28:00,145,True
896,Franni,44,2,,10:05:00,11:47:00,81,True
897,Andra,34,5,Cardio,9:39:00,12:29:00,33,True
900,Gretel,15,3,,19:13:00,21:37:00,35,True
903,Florry,25,2,"Core, back, Cardio",19:07:00,21:28:00,41,True
914,Ker,37,3,,17:41:00,19:16:00,35,True
919,Devlin,12,2,,19:43:00,20:53:00,43,True
920,Angelique,16,3,,10:23:00,13:20:00,84,True
926,Gerick,25,3,,9:16:00,11:09:00,108,True
927,Tye,30,2,Leg,10:03:00,10:53:00,165,True
931,Dori,37,5,,16:33:00,18:18:00,39,True
932,Francklin,16,5,"back, Cardio, Core",10:48:00,12:18:00,157,True
934,Dionis,19,3,,13:53:00,15:44:00,55,True
936,Briano,17,2,"chest, Core, back",15:31:00,16:33:00,180,True
937,Parsifal,37,1,"Core, chest, Leg",10:55:00,11:28:00,121,True
939,Carlen,44,1,,12:50:00,13:21:00,44,True
940,Beatriz,15,1,"chest, back",20:25:00,21:04:00,128,True
944,Marty,22,1,,9:41:00,12:34:00,76,True
948,Hanna,34,1,"Leg, chest, back",11:39:00,13:59:00,151,True
951,Grayce,27,5,"Arm, Core",11:36:00,12:31:00,179,True
952,Ricky,49,5,"Core, back, Cardio",19:21:00,20:04:00,33,True
953,Jacquenetta,42,5,"chest, back",18:47:00,21:14:00,64,True
954,Ivor,16,4,"Arm, back, back",15:27:00,18:03:00,131,True
957,Thomasin,27,4,,17:43:00,20:24:00,77,True
958,Doroteya,33,3,back,13:59:00,15:31:00,151,True
959,Gunilla,42,5,,9:22:00,9:52:00,103,True
961,Kellen,24,4,,10:24:00,11:28:00,167,True
962,Wenona,35,1,,13:28:00,15:55:00,159,True
966,Aldous,16,3,,16:49:00,19:19:00,96,True
972,Kit,29,3,"back, Cardio, Core",14:44:00,16:18:00,120,True
974,Samaria,29,4,"Leg, Leg, chest",11:10:00,12:14:00,145,True
976,Veda,40,1,,16:39:00,19:26:00,168,True
984,Jamal,16,5,"Cardio, Leg, back",16:04:00,17:22:00,58,True
987,Hadria,20,3,,19:04:00,20:26:00,33,True
988,Rad,14,5,,10:48:00,12:45:00,108,True
992,Isidor,28,4,back,10:24:00,12:21:00,130,True
993,Melantha,20,3,"Leg, Cardio, Leg",9:42:00,10:49:00,73,True
994,Averill,27,3,"Cardio, Arm",19:50:00,20:24:00,116,True
995,Cora,23,5,,10:16:00,11:11:00,127,True
996,Karlen,13,1,,20:56:00,22:59:00,60,True
999,Brigg,32,2,"Arm, Leg, Core",10:23:00,11:45:00,39,True
1000,Norrie,23,4,,16:41:00,17:13:00,174,True
1001,Fey,45,3,"back, chest",19:31:00,21:29:00,164,True
1002,Doralin,48,3,,19:31:00,21:55:00,156,True
1003,Linc,48,1,"Core, Cardio",8:29:00,10:49:00,147,True
1004,Darren,45,2,,9:54:00,12:00:00,103,True
1005,Petr,26,5,Leg,8:29:00,9:48:00,138,True
1009,Borden,38,2,"chest, Leg, chest",9:45:00,11:15:00,49,True
1010,Abbye,47,2,,13:05:00,15:56:00,81,True
1012,Ely,45,3,Cardio,10:12:00,11:46:00,90,True
1014,Alie,44,5,,19:50:00,22:43:00,127,True
1020,Abe,35,2,"chest, back, Core",13:55:00,16:26:00,86,True
1023,Kimberlee,39,3,Arm,20:56:00,21:56:00,163,True
1024,Mar,17,5,,14:34:00,15:13:00,176,True
1027,Kenon,23,3,"Core, Leg, Core",15:01:00,16:51:00,75,True
1032,Nataniel,41,1,,20:53:00,21:34:00,125,True
1033,Hestia,40,3,Cardio,10:23:00,11:43:00,33,True
1036,Morie,49,4,"Core, chest, Arm",13:39:00,14:10:00,160,True
1037,Shelby,41,4,,9:02:00,11:39:00,135,True
1041,Samantha,39,4,,16:04:00,18:50:00,96,True
1047,Sigfrid,26,4,,15:02:00,16:06:00,154,True
1049,Anette,49,3,back,11:56:00,14:53:00,107,True
1052,Nathanil,22,4,"chest, Leg",20:58:00,23:44:00,92,True
1054,Maud,20,3,"Cardio, Leg, chest",20:36:00,23:18:00,150,True
1056,Paten,20,2,,17:13:00,18:53:00,33,True
1057,Isahella,17,5,,8:36:00,9:29:00,106,True
1058,Benton,43,4,"chest, Leg, back",12:19:00,12:56:00,66,True
1063,Chaddy,48,5,,17:22:00,18:51:00,150,True
1064,Bridget,19,3,,10:41:00,12:56:00,109,True
1066,Constancia,27,1,,13:06:00,15:49:00,66,True
1068,Shelden,21,3,"Leg, Cardio",13:04:00,15:03:00,65,True
1071,Vincenz,41,5,"chest, chest, Cardio",13:04:00,14:35:00,136,True
1079,Morgan,24,3,"Core, Cardio, chest",12:44:00,14:31:00,92,True
1082,Sayres,34,4,"Leg, Leg, Core",18:55:00,21:36:00,96,True
1084,Rusty,14,4,"back, Arm, Leg",9:15:00,12:06:00,57,True
1085,Crin,35,2,"Arm, Leg",19:07:00,19:49:00,177,True
1088,Karolina,23,3,,11:29:00,12:29:00,144,True
1089,Shirlee,14,5,back,10:34:00,11:38:00,78,True
1094,Karlyn,18,2,chest,16:43:00,17:27:00,150,True
1095,Jen,24,3,"chest, Leg, Cardio",10:10:00,11:24:00,77,True
1096,Hunt,34,5,,10:28:00,13:10:00,114,True
1097,Barnebas,44,4,,14:16:00,15:12:00,148,True
1098,Emanuel,16,3,,16:57:00,18:07:00,94,True
1100,Cherise,39,5,,8:34:00,9:53:00,116,True
1101,Giselbert,43,3,Arm,10:11:00,12:14:00,67,True
1104,Rodi,30,5,,13:19:00,14:55:00,130,True
1107,Shawnee,12,1,,20:13:00,23:00:00,180,True
1112,Waylin,18,1,"Cardio, Cardio, back",16:33:00,18:39:00,38,True
1114,Catherine,37,2,,13:51:00,16:27:00,86,True
1118,Esra,29,2,,8:23:00,11:10:00,87,True
1119,Bank,22,3,"Arm, chest",13:30:00,14:12:00,151,True
1120,Selle,30,5,,14:55:00,15:47:00,108,True
1121,Robinetta,29,3,"chest, back, Cardio",19:19:00,20:10:00,35,True
1123,Carmencita,37,2,,9:46:00,10:59:00,89,True
1125,Jae,35,4,,14:09:00,15:20:00,172,True
1130,Cody,47,3,,19:40:00,20:13:00,93,True
1131,Garrott,27,2,,15:41:00,17:17:00,114,True
1134,Pooh,48,5,"Leg, Leg, Core",9:31:00,10:47:00,153,True
1136,Helga,36,3,,16:51:00,18:58:00,106,True
1137,Marga,36,2,,10:32:00,11:36:00,133,True
1139,Nesta,31,2,,19:28:00,22:07:00,142,True
1141,Park,40,4,Cardio,19:59:00,21:54:00,144,True
1144,Rickard,17,2,Core,20:30:00,22:23:00,177,True
1146,Julina,21,5,"Core, chest, back",20:23:00,23:12:00,172,True
1149,Andrew,14,5,,17:57:00,18:41:00,84,True
1153,Gail,47,1,"Leg, Leg, Core",16:41:00,18:43:00,112,True
1154,Burke,24,5,"back, Core",11:18:00,14:07:00,166,True
1157,Jillie,27,2,,11:51:00,13:56:00,50,True
1158,Torrance,18,5,,14:12:00,17:04:00,151,True
1161,Adriane,41,2,Core,15:41:00,16:43:00,177,True
1163,Cesaro,45,3,,8:42:00,9:39:00,121,True
1167,Nessie,32,4,"Leg, Cardio, back",9:55:00,11:08:00,135,True
1168,Desi,49,2,Leg,12:27:00,14:20:00,98,True
1169,Odelinda,14,5,"back, Leg",13:32:00,14:12:00,35,True
1171,Corabella,37,2,,16:39:00,18:24:00,41,True
1173,Feliks,40,5,,16:55:00,19:23:00,151,True
1176,Burty,22,5,,9:34:00,11:21:00,160,True
1180,Nolly,49,1,back,8:33:00,9:21:00,140,True
1181,Jeremiah,26,3,"back, Core",10:50:00,13:48:00,152,True
1183,Steffen,46,5,,13:06:00,13:50:00,109,True
1186,Chloe,18,5,,17:42:00,19:32:00,130,True
1187,Salvidor,37,1,Cardio,19:49:00,22:43:00,120,True
1196,Kendrick,43,2,,20:01:00,21:55:00,171,True
1197,Cord,16,2,,13:53:00,15:55:00,41,True
1199,Elfie,34,2,,9:55:00,10:32:00,45,True
1201,Sheffield,38,2,"Arm, Cardio",13:31:00,14:48:00,138,True
1202,Gualterio,33,3,,8:21:00,10:03:00,130,True
1205,Trey,46,1,,9:57:00,12:28:00,178,True
1212,Giffer,19,4,,17:21:00,18:33:00,102,True
1214,Reiko,38,4,,8:34:00,10:25:00,161,True
1216,Isaak,40,5,,12:37:00,14:46:00,154,True
1219,Harland,41,3,"Leg, back",14:59:00,16:48:00,171,True
1220,Any,49,2,,20:57:00,23:26:00,103,True
1222,Jesse,43,2,"Cardio, Leg, Arm",20:01:00,22:57:00,57,True
1223,Mata,33,2,,20:23:00,21:18:00,31,True
1225,Cletis,48,3,,20:08:00,21:33:00,175,True
1228,Rowan,13,3,Leg,19:05:00,20:08:00,96,True
1229,Harper,19,4,,20:39:00,21:33:00,77,True
1230,Alanson,17,1,"back, Core",16:31:00,18:54:00,57,True
1233,Jennilee,31,3,,8:34:00,11:04:00,134,True
1235,Teirtza,45,4,,11:49:00,12:36:00,128,True
1238,Irene,19,1,"Cardio, Cardio",20:15:00,22:22:00,48,True
1239,Claudius,23,4,"Core, chest",17:30:00,18:31:00,174,True
1240,Stanton,23,2,back,15:49:00,17:30:00,140,True
1241,Hedwig,31,3,,11:03:00,11:33:00,140,True
1244,Sella,26,1,back,13:50:00,16:37:00,121,True
1246,Kary,45,4,,9:12:00,11:51:00,39,True
1248,Lib,21,3,,14:59:00,16:34:00,66,True
1249,Deloris,15,4,Core,18:00:00,19:58:00,112,True
1250,Peter,27,5,,13:26:00,16:21:00,136,True
1253,Sergio,38,2,"back, Cardio, chest",14:33:00,15:57:00,154,True
1254,Alexei,45,2,,17:12:00,19:36:00,97,True
1262,Caritta,33,2,"back, back, Leg",8:39:00,10:43:00,40,True
1263,Star,40,5,,8:17:00,10:24:00,113,True
1266,Prudence,49,3,"Core, back, chest",18:07:00,19:57:00,110,True
1267,Bertie,49,5,,11:33:00,12:31:00,36,True
1268,Chadwick,30,2,,18:08:00,20:23:00,112,True
1271,Craggy,13,5,,10:08:00,11:55:00,115,True
1272,Arley,39,4,back,13:20:00,14:14:00,85,True
1277,Trista,21,5,,10:38:00,12:08:00,165,True
1279,Mathilda,35,2,,10:43:00,13:06:00,171,True
1280,Zachariah,39,2,"Cardio, Core",10:29:00,12:54:00,120,True
1286,Dimitry,43,4,,20:16:00,22:00:00,107,True
1287,Hieronymus,24,2,chest,19:39:00,21:37:00,40,True
1288,Piggy,31,5,,17:30:00,18:03:00,164,True
1291,Barbi,19,3,,9:49:00,11:52:00,98,True
1294,Maitilde,41,3,"back, Core",13:14:00,15:31:00,76,True
1295,Abbie,23,3,,15:28:00,17:03:00,68,True
1297,Georas,25,5,,17:29:00,18:11:00,142,True
1298,Nicki,13,5,,19:17:00,21:29:00,179,True
1299,Avis,18,3,,12:31:00,13:28:00,53,True
1300,Ives,24,3,Leg,14:53:00,16:22:00,151,True
1303,Therese,49,2,,13:32:00,16:17:00,61,True
1306,Seumas,41,4,"Leg, Core, Arm",11:47:00,13:09:00,68,True
1309,Virge,24,5,,15:05:00,17:09:00,53,True
1316,Eric,18,4,,20:52:00,23:41:00,153,True
1317,Willie,15,2,,11:06:00,12:27:00,103,True
1320,Lavinia,40,1,Arm,9:36:00,11:51:00,42,True
1323,Benjamin,46,4,Leg,17:11:00,18:30:00,53,True
1327,Noel,30,1,,14:01:00,16:10:00,59,True
1334,Keelby,23,4,,17:29:00,18:04:00,81,True
1335,Ladonna,48,3,,13:42:00,15:36:00,151,True
1343,Andreana,32,5,Leg,9:53:00,11:35:00,155,True
1344,Janela,26,5,"Arm, Cardio",12:50:00,13:59:00,118,True
1347,Valentine,13,5,,16:51:00,17:42:00,156,True
1362,Melli,47,2,Cardio,11:51:00,12:21:00,47,True
1366,Nicolais,37,5,,10:31:00,13:18:00,36,True
1367,Cissy,47,1,"Core, Leg, back",20:22:00,21:13:00,100,True
1368,Luca,23,5,"chest, Arm",20:41:00,23:06:00,116,True
1370,Maryellen,29,4,Leg,13:08:00,14:53:00,113,True
1372,Ilyse,22,4,"Leg, back, Leg",11:18:00,12:58:00,65,True
1376,Beryle,30,1,"chest, chest",20:16:00,22:46:00,96,True
1377,Parke,32,3,,14:36:00,16:16:00,82,True
1382,Hagen,39,4,Arm,14:20:00,16:59:00,43,True
1384,Priscilla,33,3,"chest, Arm",17:35:00,19:12:00,133,True
1388,Ave,34,5,Cardio,20:23:00,22:44:00,117,True
1391,Cordelie,23,1,,13:34:00,15:09:00,93,True
1392,Dreddy,12,4,"Leg, Arm",8:25:00,9:19:00,32,True
1393,Lenna,44,2,"Core, back, chest",10:09:00,11:45:00,63,True
1394,Taffy,29,5,,9:30:00,11:33:00,118,True
1395,Shelly,14,2,,19:59:00,22:08:00,115,True
1396,Yetta,37,4,,13:08:00,15:57:00,135,True
1399,Rafferty,35,2,,8:38:00,10:51:00,147,True
1407,Oralie,12,4,"Cardio, Leg",17:29:00,19:55:00,36,True
1410,Zedekiah,20,3,,11:20:00,14:17:00,135,True
1416,Olag,23,2,Cardio,19:37:00,20:28:00,93,True
1421,Caitlin,39,1,,14:54:00,16:01:00,54,True
1423,Koren,44,1,"Core, Cardio, Leg",18:48:00,20:55:00,111,True
1431,Willard,23,4,Core,16:01:00,17:47:00,61,True
1432,Reed,47,3,"back, Leg, Cardio",10:56:00,11:54:00,161,True
1434,Sabra,21,1,,18:14:00,20:34:00,68,True
1437,Aldwin,29,1,"Cardio, Leg, chest",16:29:00,17:28:00,113,True
1448,Jean,15,2,,17:22:00,19:06:00,86,True
1449,Catriona,41,1,"chest, Cardio, back",18:43:00,19:47:00,122,True
1450,Hunter,27,4,"Leg, chest, Core",19:08:00,21:45:00,45,True
1451,Cherish,25,1,chest,14:27:00,15:02:00,38,True
1452,Augusta,33,4,Leg,16:21:00,19:15:00,49,True
1460,Blithe,26,4,,9:22:00,11:52:00,37,True
1464,Arda,14,1,"chest, Core",20:54:00,23:53:00,173,True
1469,Decca,20,4,Cardio,13:39:00,15:34:00,106,True
1473,Boniface,41,5,Leg,9:46:00,11:11:00,35,True
1478,Claretta,38,2,,11:56:00,14:22:00,173,True
1489,Huntley,36,1,,12:42:00,14:00:00,166,True
1490,Sheilakathryn,13,3,,9:55:00,11:52:00,71,True
1494,Mil,19,1,"chest, Core",11:50:00,14:03:00,116,True
1501,Gib,18,1,"Cardio, chest",19:22:00,21:24:00,173,True
1503,Sib,25,1,,15:10:00,16:35:00,139,True
1504,Filia,46,1,"Arm, Leg, Cardio",12:33:00,13:14:00,142,True
1506,Dasie,34,2,,18:28:00,20:13:00,150,True
1515,Laney,21,1,,8:29:00,10:48:00,52,True
1519,Hollis,17,1,"Core, Leg, Arm",10:34:00,12:07:00,52,True
1525,Charisse,17,1,,18:22:00,19:32:00,179,True
1526,Tailor,13,1,Core,13:43:00,14:38:00,90,True
1530,Sandy,25,1,"back, chest",19:59:00,20:45:00,126,True
1531,Zacharie,16,2,"back, chest",14:51:00,16:43:00,42,True
1532,Skell,33,4,"chest, back, Core",16:04:00,17:35:00,110,True
1535,Enos,41,5,chest,17:46:00,18:42:00,59,True
1536,Giselbert,30,1,,16:05:00,17:44:00,53,True
1537,Jane,24,4,"chest, chest, Leg",10:22:00,10:58:00,121,True
1555,Garner,41,1,"chest, Cardio",19:22:00,21:45:00,39,True
1559,Bride,37,5,,17:54:00,20:01:00,146,True
1561,Monique,37,5,chest,13:20:00,14:11:00,82,True
1563,Filippa,18,4,,18:39:00,20:06:00,146,True
1567,Verile,48,5,back,19:09:00,21:43:00,163,True
1572,Sheila,32,1,"Leg, Cardio",17:04:00,18:45:00,160,True
1573,Iggie,34,1,,18:16:00,21:00:00,73,True
1582,Avie,17,1,"chest, chest",14:41:00,16:39:00,137,True
1583,Giacinta,20,1,,16:34:00,18:52:00,32,True
1585,Courtenay,45,5,back,20:45:00,22:20:00,171,True
1587,Cammy,22,4,Leg,15:57:00,17:27:00,53,True
1588,Rochester,40,2,"chest, Core",8:22:00,9:58:00,83,True
1589,Adham,21,4,,14:06:00,15:33:00,173,True
1590,Toby,49,3,"Core, Cardio",9:51:00,11:47:00,100,True
1591,Waylen,44,3,"Arm, Cardio, back",12:50:00,13:26:00,105,True
1593,Honor,21,2,,19:51:00,20:25:00,135,True
1595,Orazio,23,5,"chest, back, Core",17:06:00,18:28:00,55,True
1596,Darius,12,1,,20:46:00,23:33:00,139,True
1599,Weber,47,3,,8:35:00,10:58:00,145,True
1600,Meyer,33,2,,19:40:00,20:39:00,145,True
1602,Germayne,12,2,,15:41:00,17:45:00,124,True
1606,Ruben,19,4,"Core, Cardio, Leg",20:39:00,22:49:00,47,True
1607,Maureene,42,2,,16:20:00,17:41:00,74,True
1608,Ekaterina,33,4,Arm,8:46:00,9:19:00,152,True
1611,Arly,16,3,"back, Core, Leg",14:49:00,16:43:00,53,True
1616,Dennis,38,3,,11:30:00,12:56:00,154,True
1617,Duffie,38,1,,15:28:00,16:07:00,174,True
1620,Geneva,15,4,"Core, Core",10:26:00,11:50:00,60,True
1622,Glory,38,3,"back, Arm",15:30:00,16:19:00,67,True
1625,Olympie,47,5,,19:28:00,20:35:00,45,True
1628,Welbie,18,5,,16:53:00,18:40:00,148,True
1629,Jean,28,2,,11:02:00,11:46:00,172,True
1631,Cordy,31,5,,8:50:00,10:06:00,174,True
1633,Trula,15,5,Leg,14:42:00,16:22:00,149,True
1636,Georgeanne,12,5,"Core, back",13:24:00,14:20:00,72,True
1640,Romola,35,5,"chest, Cardio",10:00:00,11:01:00,113,True
1642,Noelle,38,5,back,12:42:00,15:38:00,111,True
1647,Rodd,37,1,"back, chest",18:58:00,21:40:00,63,True
1649,Noelani,27,5,,13:50:00,14:35:00,67,True
1650,Holly,15,5,"back, chest, Leg",14:54:00,17:17:00,64,True
1651,Bradley,21,3,,20:36:00,21:48:00,147,True
1652,Jermayne,46,1,,11:06:00,13:25:00,174,True
1653,Bradford,37,2,,13:11:00,14:08:00,75,True
1655,Demetris,21,5,,9:20:00,12:09:00,171,True
1656,Barbabas,28,2,"back, Cardio, chest",17:13:00,19:26:00,130,True
1662,Giffer,33,4,"back, Arm, Cardio",11:41:00,14:07:00,124,True
1666,Hesther,47,2,Cardio,10:42:00,12:53:00,108,True
1667,Lewie,24,1,"Leg, Core, chest",11:46:00,13:24:00,81,True
1668,Nessy,49,3,"Cardio, Core, Arm",15:00:00,17:49:00,50,True
1672,Duffie,27,1,"Cardio, chest, Leg",8:13:00,10:10:00,104,True
1673,Tomi,31,2,back,10:49:00,11:21:00,116,True
1674,Yehudit,30,4,"Arm, back, Cardio",20:16:00,21:57:00,30,True
1677,Tonia,17,2,chest,9:06:00,10:41:00,102,True
1678,Jessie,38,1,,13:57:00,16:22:00,123,True
1680,Farlee,21,3,"Cardio, back",16:33:00,19:17:00,49,True
1682,Maximilien,39,2,,10:54:00,13:07:00,86,True
1683,Kenneth,18,5,"Arm, back",20:23:00,23:12:00,120,True
1687,Wendall,25,3,back,9:13:00,10:21:00,90,True
1689,Elke,43,2,,9:47:00,12:08:00,175,True
1692,Matelda,42,3,"chest, Cardio, Arm",16:21:00,17:05:00,70,True
1693,Mignonne,27,2,,17:34:00,19:15:00,159,True
1697,Alejandro,25,4,"chest, Arm, Leg",10:31:00,12:14:00,179,True
1699,Peadar,34,3,"back, chest",18:06:00,20:05:00,89,True
1701,Julia,27,3,"back, chest, Leg",11:19:00,13:31:00,72,True
1703,Travers,35,5,"Cardio, Leg",16:01:00,19:01:00,162,True
1706,Hayley,14,2,,11:05:00,13:40:00,176,True
1711,Nelli,46,5,"Core, Leg, Cardio",9:57:00,12:44:00,130,True
1712,Paul,18,1,"Core, Leg",13:12:00,14:47:00,130,True
1713,Walt,44,2,chest,10:37:00,11:27:00,127,True
1716,Emiline,32,5,Leg,18:15:00,18:56:00,146,True
1721,Haskel,16,1,,8:38:00,11:17:00,150,True
1725,Querida,24,5,,19:18:00,21:30:00,34,True
1727,Zeb,18,1,"Leg, Arm, Core",11:51:00,13:01:00,95,True
1728,Raina,13,5,"Core, Leg, Cardio",20:57:00,22:46:00,108,True
1730,Courtnay,13,3,,15:28:00,18:18:00,107,True
1736,WArmaker,44,3,Core,20:54:00,21:45:00,33,True
1749,Yolande,18,4,"Arm, back, chest",10:42:00,11:42:00,38,True
1750,Agnese,42,1,"chest, back, chest",10:28:00,11:32:00,80,True
1752,Daile,27,3,,8:05:00,10:17:00,135,True
1753,Jacquette,37,5,,10:11:00,12:17:00,110,True
1754,Vida,20,1,,15:13:00,16:46:00,172,True
1758,Gabbi,48,2,,15:16:00,16:04:00,99,True
1760,Simmonds,17,5,"Core, Leg",9:29:00,11:20:00,146,True
1763,Gabbie,25,2,Cardio,15:39:00,18:01:00,136,True
1764,Lars,16,4,"Core, back",8:10:00,11:10:00,152,True
1766,Kally,31,3,back,14:44:00,17:19:00,143,True
1767,Lin,46,3,,13:07:00,14:15:00,133,True
1774,Dario,16,3,,12:32:00,13:09:00,55,True
1775,Odella,46,2,Cardio,9:35:00,11:04:00,127,True
1776,Shannan,47,4,,18:44:00,20:27:00,136,True
1780,Dulsea,16,3,,13:20:00,15:17:00,132,True
1781,Martyn,18,5,"Cardio, chest, back",16:32:00,17:50:00,46,True
1792,Celestina,43,4,Arm,11:44:00,12:54:00,173,True
1794,Vallie,33,1,,17:17:00,18:20:00,133,True
1797,Alley,36,2,Leg,9:41:00,10:37:00,97,True
1801,Bonita,13,1,"Cardio, chest, Arm",19:19:00,21:34:00,76,True
1804,Ben,39,3,,8:59:00,11:37:00,58,True
1808,Sosanna,48,1,,16:32:00,18:06:00,99,True
1814,Naoma,45,4,Leg,15:34:00,18:05:00,154,True
1817,Ailee,13,4,,17:06:00,19:24:00,171,True
1818,Gavin,44,3,Cardio,11:51:00,13:03:00,159,True
1819,Vi,16,1,,8:23:00,11:19:00,30,True
1820,Kial,18,2,,14:33:00,16:35:00,154,True
1821,Romona,45,1,Core,13:20:00,14:57:00,69,True
1822,Mischa,36,5,,19:44:00,21:50:00,78,True
1824,Junie,22,5,,17:59:00,19:01:00,93,True
1827,WArm,22,3,"Leg, Cardio, back",14:33:00,17:08:00,104,True
1828,Margarita,20,3,back,15:53:00,17:27:00,149,True
1830,Micky,21,3,"Cardio, back",12:05:00,14:43:00,143,True
1832,Caralie,20,1,,8:41:00,9:59:00,111,True
1838,Montague,28,5,"Core, Arm, chest",20:40:00,21:39:00,44,True
1839,Ynes,24,3,,8:54:00,9:43:00,164,True
1844,Ogdan,40,5,"back, Cardio, Leg",13:40:00,14:30:00,145,True
1853,Westbrooke,32,4,"Arm, Core",12:16:00,14:58:00,131,True
1859,Mikey,12,1,"Arm, chest",14:45:00,15:46:00,133,True
1863,Wash,31,5,,11:08:00,11:42:00,108,True
1866,Evangelia,42,2,"Core, back",11:46:00,14:21:00,107,True
1867,Anderea,14,2,Cardio,16:05:00,17:13:00,76,True
1870,Chic,33,3,"Arm, Leg",12:59:00,15:22:00,56,True
1871,Annora,31,3,"Core, Core, Cardio",12:21:00,14:19:00,179,True
1872,Brennen,28,4,,9:46:00,12:00:00,82,True
1875,Lester,36,5,"chest, back",13:45:00,15:30:00,106,True
1877,Hobart,24,2,,9:12:00,10:55:00,118,True
1878,Elisa,38,5,,14:04:00,16:59:00,151,True
1879,Lil,13,3,,10:39:00,13:26:00,64,True
1882,Johnna,31,2,,15:39:00,16:35:00,176,True
1887,Cord,36,3,,19:04:00,19:49:00,160,True
1891,Hamilton,16,1,,11:26:00,12:50:00,72,True
1894,Eileen,12,1,"Core, Leg",15:06:00,16:40:00,57,True
1895,Robinet,49,2,,16:53:00,17:28:00,59,True
1896,Franni,17,3,,10:05:00,11:47:00,38,True
1897,Andra,12,1,Cardio,9:39:00,12:29:00,121,True
1900,Gretel,46,1,,19:13:00,21:37:00,99,True
1903,Florry,44,2,"Core, back, Cardio",19:07:00,21:28:00,46,True
1914,Ker,41,4,,17:41:00,19:16:00,150,True
1919,Devlin,47,4,,19:43:00,20:53:00,99,True
1920,Angelique,25,4,,10:23:00,13:20:00,132,True
1926,Gerick,46,5,,9:16:00,11:09:00,162,True
1927,Tye,34,5,Leg,10:03:00,10:53:00,129,True
1931,Dori,48,5,,16:33:00,18:18:00,123,True
1932,Francklin,22,5,"back, Cardio, Core",10:48:00,12:18:00,71,True
1934,Dionis,45,3,,13:53:00,15:44:00,118,True
1936,Briano,37,4,"chest, Core, back",15:31:00,16:33:00,131,True
1937,Parsifal,14,4,"Core, chest, Leg",10:55:00,11:28:00,67,True
1939,Carlen,37,1,,12:50:00,13:21:00,179,True
1940,Beatriz,46,1,"chest, back",20:25:00,21:04:00,153,True
1944,Marty,45,5,,9:41:00,12:34:00,54,True
1948,Hanna,21,2,"Leg, chest, back",11:39:00,13:59:00,132,True
1951,Grayce,42,4,"Arm, Core",11:36:00,12:31:00,46,True
1952,Ricky,21,5,"Core, back, Cardio",19:21:00,20:04:00,161,True
1953,Jacquenetta,30,2,"chest, back",18:47:00,21:14:00,115,True
1954,Ivor,34,4,"Arm, back, back",15:27:00,18:03:00,126,True
1957,Thomasin,23,5,,17:43:00,20:24:00,66,True
1958,Doroteya,17,2,back,13:59:00,15:31:00,148,True
1959,Gunilla,26,3,,9:22:00,9:52:00,44,True
1961,Kellen,25,5,,10:24:00,11:28:00,64,True
1962,Wenona,39,5,,13:28:00,15:55:00,134,True
1966,Aldous,43,4,,16:49:00,19:19:00,82,True
1972,Kit,27,3,"back, Cardio, Core",14:44:00,16:18:00,174,True
1974,Samaria,41,5,"Leg, Leg, chest",11:10:00,12:14:00,99,True
1976,Veda,16,3,,16:39:00,19:26:00,173,True
1984,Jamal,49,1,"Cardio, Leg, back",16:04:00,17:22:00,167,True
1987,Hadria,19,5,,19:04:00,20:26:00,56,True
1988,Rad,31,4,,10:48:00,12:45:00,114,True
1992,Isidor,38,3,back,10:24:00,12:21:00,142,True
1993,Melantha,30,5,"Leg, Cardio, Leg",9:42:00,10:49:00,65,True
1994,Averill,41,5,"Cardio, Arm",19:50:00,20:24:00,46,True
1995,Cora,26,3,,10:16:00,11:11:00,154,True
1996,Karlen,20,3,,20:56:00,22:59:00,138,True
1999,Brigg,33,1,"Arm, Leg, Core",10:23:00,11:45:00,100,True
2000,Norrie,42,4,,16:41:00,17:13:00,167,True
2001,Fey,31,3,"back, chest",19:31:00,21:29:00,49,True
2002,Doralin,47,5,,19:31:00,21:55:00,34,True
2003,Linc,29,1,"Core, Cardio",8:29:00,10:49:00,82,True
2004,Darren,47,5,,9:54:00,12:00:00,32,True
2005,Petr,31,1,Leg,8:29:00,9:48:00,77,True
2009,Borden,19,1,"chest, Leg, chest",9:45:00,11:15:00,45,True
2010,Abbye,35,2,,13:05:00,15:56:00,105,True
2012,Ely,47,4,Cardio,10:12:00,11:46:00,34,True
2014,Alie,17,2,,19:50:00,22:43:00,72,True
2020,Abe,41,3,"chest, back, Core",13:55:00,16:26:00,30,True
2023,Kimberlee,18,2,Arm,20:56:00,21:56:00,31,True
2024,Mar,13,2,,14:34:00,15:13:00,158,True
2027,Kenon,42,1,"Core, Leg, Core",15:01:00,16:51:00,93,True
2032,Nataniel,44,3,,20:53:00,21:34:00,50,True
2033,Hestia,37,4,Cardio,10:23:00,11:43:00,61,True
2036,Morie,28,2,"Core, chest, Arm",13:39:00,14:10:00,83,True
2037,Shelby,13,4,,9:02:00,11:39:00,131,True
2041,Samantha,19,1,,16:04:00,18:50:00,159,True
2047,Sigfrid,43,3,,15:02:00,16:06:00,64,True
2049,Anette,22,2,back,11:56:00,14:53:00,69,True
2052,Nathanil,39,1,"chest, Leg",20:58:00,23:44:00,142,True
2054,Maud,18,1,"Cardio, Leg, chest",20:36:00,23:18:00,90,True
2056,Paten,36,3,,17:13:00,18:53:00,56,True
2057,Isahella,22,2,,8:36:00,9:29:00,101,True
2058,Benton,33,5,"chest, Leg, back",12:19:00,12:56:00,31,True
2063,Chaddy,31,4,,17:22:00,18:51:00,130,True
2064,Bridget,42,3,,10:41:00,12:56:00,71,True
2066,Constancia,28,5,,13:06:00,15:49:00,110,True
2068,Shelden,26,4,"Leg, Cardio",13:04:00,15:03:00,76,True
2071,Vincenz,44,1,"chest, chest, Cardio",13:04:00,14:35:00,151,True
2079,Morgan,31,4,"Core, Cardio, chest",12:44:00,14:31:00,62,True
2082,Sayres,28,4,"Leg, Leg, Core",18:55:00,21:36:00,48,True
2084,Rusty,38,3,"back, Arm, Leg",9:15:00,12:06:00,170,True
2085,Crin,20,3,"Arm, Leg",19:07:00,19:49:00,105,True
2088,Karolina,15,2,,11:29:00,12:29:00,123,True
2089,Shirlee,47,3,back,10:34:00,11:38:00,162,True
2094,Karlyn,42,2,chest,16:43:00,17:27:00,156,True
2095,Jen,35,1,"chest, Leg, Cardio",10:10:00,11:24:00,138,True
2096,Hunt,43,1,,10:28:00,13:10:00,148,True
2097,Barnebas,15,3,,14:16:00,15:12:00,31,True
2098,Emanuel,27,4,,16:57:00,18:07:00,175,True
2100,Cherise,42,5,,8:34:00,9:53:00,173,True
2101,Giselbert,16,4,Arm,10:11:00,12:14:00,87,True
2104,Rodi,49,1,,13:19:00,14:55:00,135,True
2107,Shawnee,14,3,,20:13:00,23:00:00,41,True
2112,Waylin,44,3,"Cardio, Cardio, back",16:33:00,18:39:00,100,True
2114,Catherine,19,1,,13:51:00,16:27:00,71,True
2118,Esra,25,4,,8:23:00,11:10:00,74,True
2119,Bank,42,1,"Arm, chest",13:30:00,14:12:00,101,True
2120,Selle,13,1,,14:55:00,15:47:00,92,True
2121,Robinetta,14,3,"chest, back, Cardio",19:19:00,20:10:00,48,True
2123,Carmencita,27,2,,9:46:00,10:59:00,137,True
2125,Jae,48,5,,14:09:00,15:20:00,44,True
2130,Cody,36,5,,19:40:00,20:13:00,153,True
2131,Garrott,39,4,,15:41:00,17:17:00,159,True
2134,Pooh,46,5,"Leg, Leg, Core",9:31:00,10:47:00,74,True
2136,Helga,14,2,,16:51:00,18:58:00,82,True
2137,Marga,43,5,,10:32:00,11:36:00,165,True
2139,Nesta,32,3,,19:28:00,22:07:00,87,True
2141,Park,23,5,Cardio,19:59:00,21:54:00,97,True
2144,Rickard,49,1,Core,20:30:00,22:23:00,60,True
2146,Julina,13,5,"Core, chest, back",20:23:00,23:12:00,71,True
2149,Andrew,27,3,,17:57:00,18:41:00,134,True
2153,Gail,14,4,"Leg, Leg, Core",16:41:00,18:43:00,150,True
2154,Burke,15,1,"back, Core",11:18:00,14:07:00,122,True
2157,Jillie,22,1,,11:51:00,13:56:00,36,True
2158,Torrance,12,3,,14:12:00,17:04:00,80,True
2161,Adriane,32,3,Core,15:41:00,16:43:00,40,True
2163,Cesaro,28,4,,8:42:00,9:39:00,145,True
2167,Nessie,23,3,"Leg, Cardio, back",9:55:00,11:08:00,143,True
2168,Desi,46,4,Leg,12:27:00,14:20:00,153,True
2169,Odelinda,35,5,"back, Leg",13:32:00,14:12:00,166,True
2171,Corabella,23,4,,16:39:00,18:24:00,95,True
2173,Feliks,14,1,,16:55:00,19:23:00,152,True
2176,Burty,18,2,,9:34:00,11:21:00,51,True
2180,Nolly,41,4,back,8:33:00,9:21:00,145,True
2181,Jeremiah,12,1,"back, Core",10:50:00,13:48:00,74,True
2183,Steffen,38,2,,13:06:00,13:50:00,179,True
2186,Chloe,42,2,,17:42:00,19:32:00,52,True
2187,Salvidor,12,3,Cardio,19:49:00,22:43:00,155,True
2196,Kendrick,23,3,,20:01:00,21:55:00,72,True
2197,Cord,39,4,,13:53:00,15:55:00,59,True
2199,Elfie,35,1,,9:55:00,10:32:00,70,True
2201,Sheffield,14,2,"Arm, Cardio",13:31:00,14:48:00,142,True
2202,Gualterio,19,1,,8:21:00,10:03:00,103,True
2205,Trey,38,4,,9:57:00,12:28:00,107,True
2212,Giffer,42,5,,17:21:00,18:33:00,172,True
2214,Reiko,23,5,,8:34:00,10:25:00,72,True
2216,Isaak,37,5,,12:37:00,14:46:00,156,True
2219,Harland,13,2,"Leg, back",14:59:00,16:48:00,161,True
2220,Any,42,3,,20:57:00,23:26:00,115,True
2222,Jesse,20,3,"Cardio, Leg, Arm",20:01:00,22:57:00,59,True
2223,Mata,43,4,,20:23:00,21:18:00,54,True
2225,Cletis,36,4,,20:08:00,21:33:00,84,True
2228,Rowan,18,4,Leg,19:05:00,20:08:00,126,True
2229,Harper,34,4,,20:39:00,21:33:00,150,True
2230,Alanson,28,1,"back, Core",16:31:00,18:54:00,61,True
2233,Jennilee,19,1,,8:34:00,11:04:00,63,True
2235,Teirtza,48,4,,11:49:00,12:36:00,70,True
2238,Irene,29,1,"Cardio, Cardio",20:15:00,22:22:00,45,True
2239,Claudius,22,2,"Core, chest",17:30:00,18:31:00,163,True
2240,Stanton,33,5,back,15:49:00,17:30:00,78,True
2241,Hedwig,43,3,,11:03:00,11:33:00,35,True
2244,Sella,34,1,back,13:50:00,16:37:00,135,True
2246,Kary,17,5,,9:12:00,11:51:00,59,True
2248,Lib,32,5,,14:59:00,16:34:00,64,True
2249,Deloris,43,4,Core,18:00:00,19:58:00,173,True
2250,Peter,48,3,,13:26:00,16:21:00,39,True
2253,Sergio,49,3,"back, Cardio, chest",14:33:00,15:57:00,134,True
2254,Alexei,46,2,,17:12:00,19:36:00,101,True
2262,Caritta,31,3,"back, back, Leg",8:39:00,10:43:00,133,True
2263,Star,23,3,,8:17:00,10:24:00,144,True
2266,Prudence,35,1,"Core, back, chest",18:07:00,19:57:00,175,True
2267,Bertie,42,3,,11:33:00,12:31:00,165,True
2268,Chadwick,29,2,,18:08:00,20:23:00,178,True
2271,Craggy,13,4,,10:08:00,11:55:00,156,True
2272,Arley,24,3,back,13:20:00,14:14:00,30,True
2277,Trista,14,3,,10:38:00,12:08:00,31,True
2279,Mathilda,38,2,,10:43:00,13:06:00,170,True
2280,Zachariah,39,1,"Cardio, Core",10:29:00,12:54:00,132,True
2286,Dimitry,32,4,,20:16:00,22:00:00,156,True
2287,Hieronymus,49,4,chest,19:39:00,21:37:00,83,True
2288,Piggy,44,5,,17:30:00,18:03:00,110,True
2291,Barbi,35,1,,9:49:00,11:52:00,103,True
2294,Maitilde,16,5,"back, Core",13:14:00,15:31:00,87,True
2295,Abbie,49,2,,15:28:00,17:03:00,154,True
2297,Georas,42,5,,17:29:00,18:11:00,142,True
2298,Nicki,42,5,,19:17:00,21:29:00,161,True
2299,Avis,35,3,,12:31:00,13:28:00,70,True
2300,Ives,25,4,Leg,14:53:00,16:22:00,157,True
2303,Therese,14,4,,13:32:00,16:17:00,134,True
2306,Seumas,48,1,"Leg, Core, Arm",11:47:00,13:09:00,95,True
2309,Virge,40,5,,15:05:00,17:09:00,129,True
2316,Eric,19,5,,20:52:00,23:41:00,146,True
2317,Willie,32,1,,11:06:00,12:27:00,119,True
2320,Lavinia,32,5,Arm,9:36:00,11:51:00,173,True
2323,Benjamin,37,1,Leg,17:11:00,18:30:00,41,True
2327,Noel,12,4,,14:01:00,16:10:00,111,True
2334,Keelby,36,1,,17:29:00,18:04:00,73,True
2335,Ladonna,17,2,,13:42:00,15:36:00,55,True
2343,Andreana,38,2,Leg,9:53:00,11:35:00,158,True
2344,Janela,36,4,"Arm, Cardio",12:50:00,13:59:00,89,True
2347,Valentine,26,5,,16:51:00,17:42:00,146,True
2362,Melli,42,4,Cardio,11:51:00,12:21:00,51,True
2366,Nicolais,30,3,,10:31:00,13:18:00,32,True
2367,Cissy,16,5,"Core, Leg, back",20:22:00,21:13:00,89,True
2368,Luca,44,3,"chest, Arm",20:41:00,23:06:00,167,True
2370,Maryellen,27,2,Leg,13:08:00,14:53:00,129,True
2372,Ilyse,12,2,"Leg, back, Leg",11:18:00,12:58:00,72,True
2376,Beryle,40,2,"chest, chest",20:16:00,22:46:00,101,True
2377,Parke,18,1,,14:36:00,16:16:00,74,True
2382,Hagen,45,1,Arm,14:20:00,16:59:00,170,True
2384,Priscilla,28,1,"chest, Arm",17:35:00,19:12:00,98,True
2388,Ave,38,3,Cardio,20:23:00,22:44:00,58,True
2391,Cordelie,26,2,,13:34:00,15:09:00,107,True
2392,Dreddy,22,3,"Leg, Arm",8:25:00,9:19:00,178,True
2393,Lenna,18,2,"Core, back, chest",10:09:00,11:45:00,142,True
2394,Taffy,13,2,,9:30:00,11:33:00,173,True
2395,Shelly,30,2,,19:59:00,22:08:00,75,True
2396,Yetta,24,3,,13:08:00,15:57:00,49,True
2399,Rafferty,19,1,,8:38:00,10:51:00,72,True
2407,Oralie,19,3,"Cardio, Leg",17:29:00,19:55:00,164,True
2410,Zedekiah,21,1,,11:20:00,14:17:00,93,True
2416,Olag,38,1,Cardio,19:37:00,20:28:00,155,True
2421,Caitlin,41,5,,14:54:00,16:01:00,59,True
2423,Koren,16,1,"Core, Cardio, Leg",18:48:00,20:55:00,129,True
2431,Willard,44,5,Core,16:01:00,17:47:00,167,True
2432,Reed,20,2,"back, Leg, Cardio",10:56:00,11:54:00,110,True
2434,Sabra,17,4,,18:14:00,20:34:00,133,True
2437,Aldwin,39,1,"Cardio, Leg, chest",16:29:00,17:28:00,154,True
2448,Jean,15,1,,17:22:00,19:06:00,95,True
2449,Catriona,47,2,"chest, Cardio, back",18:43:00,19:47:00,141,True
2450,Hunter,34,2,"Leg, chest, Core",19:08:00,21:45:00,162,True
2451,Cherish,47,2,chest,14:27:00,15:02:00,51,True
2452,Augusta,35,5,Leg,16:21:00,19:15:00,75,True
2460,Blithe,31,1,,9:22:00,11:52:00,121,True
2464,Arda,21,3,"chest, Core",20:54:00,23:53:00,90,True
2469,Decca,42,2,Cardio,13:39:00,15:34:00,149,True
2473,Boniface,38,2,Leg,9:46:00,11:11:00,62,True
2478,Claretta,18,1,,11:56:00,14:22:00,81,True
2489,Huntley,37,5,,12:42:00,14:00:00,57,True
2490,Sheilakathryn,35,2,,9:55:00,11:52:00,68,True
2494,Mil,12,4,"chest, Core",11:50:00,14:03:00,177,True
2501,Gib,21,2,"Cardio, chest",19:22:00,21:24:00,37,True
2503,Sib,37,5,,15:10:00,16:35:00,118,True
2504,Filia,47,3,"Arm, Leg, Cardio",12:33:00,13:14:00,169,True
2506,Dasie,26,3,,18:28:00,20:13:00,167,True
2515,Laney,49,3,,8:29:00,10:48:00,33,True
2519,Hollis,45,1,"Core, Leg, Arm",10:34:00,12:07:00,55,True
2525,Charisse,36,3,,18:22:00,19:32:00,41,True
2526,Tailor,26,4,Core,13:43:00,14:38:00,147,True
2530,Sandy,13,5,"back, chest",19:59:00,20:45:00,155,True
2531,Zacharie,39,3,"back, chest",14:51:00,16:43:00,175,True
2532,Skell,44,4,"chest, back, Core",16:04:00,17:35:00,123,True
2535,Enos,22,4,chest,17:46:00,18:42:00,76,True
2536,Giselbert,29,1,,16:05:00,17:44:00,48,True
2537,Jane,15,1,"chest, chest, Leg",10:22:00,10:58:00,137,True
2555,Garner,47,1,"chest, Cardio",19:22:00,21:45:00,163,True
2559,Bride,39,1,,17:54:00,20:01:00,61,True
2561,Monique,41,4,chest,13:20:00,14:11:00,101,True
2563,Filippa,28,5,,18:39:00,20:06:00,115,True
2567,Verile,28,2,back,19:09:00,21:43:00,75,True
2572,Sheila,39,5,"Leg, Cardio",17:04:00,18:45:00,82,True
2573,Iggie,19,1,,18:16:00,21:00:00,51,True
2582,Avie,29,3,"chest, chest",14:41:00,16:39:00,71,True
2583,Giacinta,31,3,,16:34:00,18:52:00,33,True
2585,Courtenay,21,1,back,20:45:00,22:20:00,124,True
2587,Cammy,39,5,Leg,15:57:00,17:27:00,48,True
2588,Rochester,47,2,"chest, Core",8:22:00,9:58:00,122,True
2589,Adham,31,3,,14:06:00,15:33:00,145,True
2590,Toby,28,4,"Core, Cardio",9:51:00,11:47:00,107,True
2591,Waylen,30,1,"Arm, Cardio, back",12:50:00,13:26:00,62,True
2593,Honor,21,3,,19:51:00,20:25:00,88,True
2595,Orazio,46,1,"chest, back, Core",17:06:00,18:28:00,115,True
2596,Darius,43,1,,20:46:00,23:33:00,59,True
2599,Weber,18,1,,8:35:00,10:58:00,129,True
2600,Meyer,25,2,,19:40:00,20:39:00,116,True
2602,Germayne,42,2,,15:41:00,17:45:00,63,True
2606,Ruben,37,5,"Core, Cardio, Leg",20:39:00,22:49:00,42,True
2607,Maureene,14,4,,16:20:00,17:41:00,106,True
2608,Ekaterina,24,4,Arm,8:46:00,9:19:00,109,True
2611,Arly,33,5,"back, Core, Leg",14:49:00,16:43:00,85,True
2616,Dennis,43,5,,11:30:00,12:56:00,76,True
2617,Duffie,29,3,,15:28:00,16:07:00,85,True
2620,Geneva,38,5,"Core, Core",10:26:00,11:50:00,111,True
2622,Glory,46,2,"back, Arm",15:30:00,16:19:00,117,True
2625,Olympie,45,4,,19:28:00,20:35:00,169,True
2628,Welbie,18,1,,16:53:00,18:40:00,32,True
2629,Jean,40,1,,11:02:00,11:46:00,165,True
2631,Cordy,16,3,,8:50:00,10:06:00,133,True
2633,Trula,43,4,Leg,14:42:00,16:22:00,100,True
2636,Georgeanne,41,1,"Core, back",13:24:00,14:20:00,179,True
2640,Romola,21,4,"chest, Cardio",10:00:00,11:01:00,78,True
2642,Noelle,38,5,back,12:42:00,15:38:00,171,True
2647,Rodd,12,1,"back, chest",18:58:00,21:40:00,45,True
2649,Noelani,45,2,,13:50:00,14:35:00,149,True
2650,Holly,24,5,"back, chest, Leg",14:54:00,17:17:00,79,True
2651,Bradley,17,1,,20:36:00,21:48:00,99,True
2652,Jermayne,18,4,,11:06:00,13:25:00,75,True
2653,Bradford,38,3,,13:11:00,14:08:00,49,True
2655,Demetris,31,1,,9:20:00,12:09:00,44,True
2656,Barbabas,38,2,"back, Cardio, chest",17:13:00,19:26:00,58,True
2662,Giffer,47,3,"back, Arm, Cardio",11:41:00,14:07:00,110,True
2666,Hesther,45,4,Cardio,10:42:00,12:53:00,50,True
2667,Lewie,37,2,"Leg, Core, chest",11:46:00,13:24:00,100,True
2668,Nessy,31,4,"Cardio, Core, Arm",15:00:00,17:49:00,39,True
2672,Duffie,15,3,"Cardio, chest, Leg",8:13:00,10:10:00,143,True
2673,Tomi,21,2,back,10:49:00,11:21:00,162,True
2674,Yehudit,49,2,"Arm, back, Cardio",20:16:00,21:57:00,82,True
2677,Tonia,24,2,chest,9:06:00,10:41:00,113,True
2678,Jessie,24,3,,13:57:00,16:22:00,141,True
2680,Farlee,31,5,"Cardio, back",16:33:00,19:17:00,85,True
2682,Maximilien,39,1,,10:54:00,13:07:00,135,True
2683,Kenneth,40,4,"Arm, back",20:23:00,23:12:00,85,True
2687,Wendall,43,5,back,9:13:00,10:21:00,126,True
2689,Elke,37,1,,9:47:00,12:08:00,108,True
2692,Matelda,16,2,"chest, Cardio, Arm",16:21:00,17:05:00,128,True
2693,Mignonne,48,1,,17:34:00,19:15:00,34,True
2697,Alejandro,21,1,"chest, Arm, Leg",10:31:00,12:14:00,117,True
2699,Peadar,44,5,"back, chest",18:06:00,20:05:00,91,True
2701,Julia,28,4,"back, chest, Leg",11:19:00,13:31:00,104,True
2703,Travers,44,1,"Cardio, Leg",16:01:00,19:01:00,119,True
2706,Hayley,41,3,,11:05:00,13:40:00,132,True
2711,Nelli,29,5,"Core, Leg, Cardio",9:57:00,12:44:00,94,True
2712,Paul,27,4,"Core, Leg",13:12:00,14:47:00,33,True
2713,Walt,46,1,chest,10:37:00,11:27:00,77,True
2716,Emiline,30,2,Leg,18:15:00,18:56:00,44,True
2721,Haskel,37,4,,8:38:00,11:17:00,34,True
2725,Querida,46,2,,19:18:00,21:30:00,163,True
2727,Zeb,27,4,"Leg, Arm, Core",11:51:00,13:01:00,36,True
2728,Raina,48,4,"Core, Leg, Cardio",20:57:00,22:46:00,66,True
2730,Courtnay,38,2,,15:28:00,18:18:00,60,True
2736,WArmaker,21,2,Core,20:54:00,21:45:00,163,True
2749,Yolande,36,5,"Arm, back, chest",10:42:00,11:42:00,180,True
2750,Agnese,13,2,"chest, back, chest",10:28:00,11:32:00,177,True
2752,Daile,32,2,,8:05:00,10:17:00,30,True
2753,Jacquette,37,5,,10:11:00,12:17:00,177,True
2754,Vida,46,4,,15:13:00,16:46:00,58,True
2758,Gabbi,16,1,,15:16:00,16:04:00,140,True
2760,Simmonds,15,1,"Core, Leg",9:29:00,11:20:00,62,True
2763,Gabbie,29,3,Cardio,15:39:00,18:01:00,91,True
2764,Lars,43,1,"Core, back",8:10:00,11:10:00,38,True
2766,Kally,43,1,back,14:44:00,17:19:00,163,True
2767,Lin,21,2,,13:07:00,14:15:00,145,True
2774,Dario,12,1,,12:32:00,13:09:00,131,True
2775,Odella,19,1,Cardio,9:35:00,11:04:00,63,True
2776,Shannan,49,2,,18:44:00,20:27:00,158,True
2780,Dulsea,17,2,,13:20:00,15:17:00,167,True
2781,Martyn,37,4,"Cardio, chest, back",16:32:00,17:50:00,67,True
2792,Celestina,24,4,Arm,11:44:00,12:54:00,107,True
2794,Vallie,41,3,,17:17:00,18:20:00,57,True
2797,Alley,29,4,Leg,9:41:00,10:37:00,113,True
2801,Bonita,41,4,"Cardio, chest, Arm",19:19:00,21:34:00,114,True
2804,Ben,47,1,,8:59:00,11:37:00,160,True
2808,Sosanna,27,1,,16:32:00,18:06:00,136,True
2814,Naoma,18,4,Leg,15:34:00,18:05:00,38,True
2817,Ailee,25,3,,17:06:00,19:24:00,140,True
2818,Gavin,28,4,Cardio,11:51:00,13:03:00,49,True
2819,Vi,42,4,,8:23:00,11:19:00,110,True
2820,Kial,19,2,,14:33:00,16:35:00,69,True
2821,Romona,12,5,Core,13:20:00,14:57:00,51,True
2822,Mischa,31,5,,19:44:00,21:50:00,63,True
2824,Junie,25,4,,17:59:00,19:01:00,83,True
2827,WArm,23,5,"Leg, Cardio, back",14:33:00,17:08:00,33,True
2828,Margarita,41,4,back,15:53:00,17:27:00,111,True
2830,Micky,28,1,"Cardio, back",12:05:00,14:43:00,70,True
2832,Caralie,43,2,,8:41:00,9:59:00,169,True
2838,Montague,39,5,"Core, Arm, chest",20:40:00,21:39:00,69,True
2839,Ynes,28,1,,8:54:00,9:43:00,69,True
2844,Ogdan,27,3,"back, Cardio, Leg",13:40:00,14:30:00,31,True
2853,Westbrooke,22,1,"Arm, Core",12:16:00,14:58:00,120,True
2859,Mikey,39,4,"Arm, chest",14:45:00,15:46:00,72,True
2863,Wash,22,1,,11:08:00,11:42:00,162,True
2866,Evangelia,45,3,"Core, back",11:46:00,14:21:00,99,True
2867,Anderea,40,4,Cardio,16:05:00,17:13:00,85,True
2870,Chic,44,3,"Arm, Leg",12:59:00,15:22:00,104,True
2871,Annora,16,4,"Core, Core, Cardio",12:21:00,14:19:00,108,True
2872,Brennen,29,1,,9:46:00,12:00:00,68,True
2875,Lester,33,1,"chest, back",13:45:00,15:30:00,123,True
2877,Hobart,49,1,,9:12:00,10:55:00,144,True
2878,Elisa,49,2,,14:04:00,16:59:00,124,True
2879,Lil,49,3,,10:39:00,13:26:00,143,True
2882,Johnna,30,5,,15:39:00,16:35:00,45,True
2887,Cord,13,4,,19:04:00,19:49:00,54,True
2891,Hamilton,44,3,,11:26:00,12:50:00,163,True
2894,Eileen,13,4,"Core, Leg",15:06:00,16:40:00,63,True
2895,Robinet,39,4,,16:53:00,17:28:00,131,True
2896,Franni,34,5,,10:05:00,11:47:00,60,True
2897,Andra,43,5,Cardio,9:39:00,12:29:00,113,True
2900,Gretel,23,2,,19:13:00,21:37:00,166,True
2903,Florry,36,4,"Core, back, Cardio",19:07:00,21:28:00,89,True
2914,Ker,31,3,,17:41:00,19:16:00,73,True
2919,Devlin,49,5,,19:43:00,20:53:00,94,True
2920,Angelique,42,5,,10:23:00,13:20:00,119,True
2926,Gerick,12,2,,9:16:00,11:09:00,142,True
2927,Tye,32,4,Leg,10:03:00,10:53:00,52,True
2931,Dori,37,2,,16:33:00,18:18:00,164,True
2932,Francklin,42,1,"back, Cardio, Core",10:48:00,12:18:00,118,True
2934,Dionis,28,1,,13:53:00,15:44:00,101,True
2936,Briano,14,3,"chest, Core, back",15:31:00,16:33:00,154,True
2937,Parsifal,21,2,"Core, chest, Leg",10:55:00,11:28:00,137,True
2939,Carlen,30,3,,12:50:00,13:21:00,48,True
2940,Beatriz,14,4,"chest, back",20:25:00,21:04:00,56,True
2944,Marty,30,5,,9:41:00,12:34:00,42,True
2948,Hanna,17,4,"Leg, chest, back",11:39:00,13:59:00,68,True
2951,Grayce,33,4,"Arm, Core",11:36:00,12:31:00,175,True
2952,Ricky,29,1,"Core, back, Cardio",19:21:00,20:04:00,127,True
2953,Jacquenetta,36,2,"chest, back",18:47:00,21:14:00,84,True
2954,Ivor,14,2,"Arm, back, back",15:27:00,18:03:00,115,True
2957,Thomasin,19,1,,17:43:00,20:24:00,151,True
2958,Doroteya,28,4,back,13:59:00,15:31:00,144,True
2959,Gunilla,44,4,,9:22:00,9:52:00,116,True
2961,Kellen,31,4,,10:24:00,11:28:00,46,True
2962,Wenona,24,2,,13:28:00,15:55:00,109,True
2966,Aldous,17,3,,16:49:00,19:19:00,152,True
2972,Kit,15,2,"back, Cardio, Core",14:44:00,16:18:00,73,True
2974,Samaria,22,1,"Leg, Leg, chest",11:10:00,12:14:00,51,True
2976,Veda,23,4,,16:39:00,19:26:00,139,True
2984,Jamal,37,3,"Cardio, Leg, back",16:04:00,17:22:00,116,True
2987,Hadria,31,1,,19:04:00,20:26:00,130,True
2988,Rad,45,3,,10:48:00,12:45:00,72,True
2992,Isidor,46,3,back,10:24:00,12:21:00,114,True
2993,Melantha,16,2,"Leg, Cardio, Leg",9:42:00,10:49:00,174,True
2994,Averill,20,1,"Cardio, Arm",19:50:00,20:24:00,144,True
2995,Cora,45,2,,10:16:00,11:11:00,113,True
2996,Karlen,20,3,,20:56:00,22:59:00,40,True
2999,Brigg,12,2,"Arm, Leg, Core",10:23:00,11:45:00,119,True
3000,Norrie,18,2,,16:41:00,17:13:00,94,True
3001,Fey,49,4,"back, chest",19:31:00,21:29:00,63,True
3002,Doralin,27,5,,19:31:00,21:55:00,102,True
3003,Linc,33,3,"Core, Cardio",8:29:00,10:49:00,126,True
3004,Darren,49,4,,9:54:00,12:00:00,143,True
3005,Petr,13,3,Leg,8:29:00,9:48:00,133,True
3009,Borden,27,3,"chest, Leg, chest",9:45:00,11:15:00,53,True
3010,Abbye,12,2,,13:05:00,15:56:00,130,True
3012,Ely,47,1,Cardio,10:12:00,11:46:00,134,True
3014,Alie,24,1,,19:50:00,22:43:00,102,True
3020,Abe,25,4,"chest, back, Core",13:55:00,16:26:00,40,True
3023,Kimberlee,46,3,Arm,20:56:00,21:56:00,31,True
3024,Mar,41,3,,14:34:00,15:13:00,137,True
3027,Kenon,23,3,"Core, Leg, Core",15:01:00,16:51:00,39,True
3032,Nataniel,47,3,,20:53:00,21:34:00,50,True
3033,Hestia,14,5,Cardio,10:23:00,11:43:00,32,True
3036,Morie,25,3,"Core, chest, Arm",13:39:00,14:10:00,69,True
3037,Shelby,47,4,,9:02:00,11:39:00,117,True
3041,Samantha,22,2,,16:04:00,18:50:00,92,True
3047,Sigfrid,29,3,,15:02:00,16:06:00,155,True
3049,Anette,27,4,back,11:56:00,14:53:00,151,True
3052,Nathanil,13,1,"chest, Leg",20:58:00,23:44:00,172,True
3054,Maud,32,5,"Cardio, Leg, chest",20:36:00,23:18:00,66,True
3056,Paten,18,3,,17:13:00,18:53:00,119,True
3057,Isahella,34,3,,8:36:00,9:29:00,93,True
3058,Benton,22,4,"chest, Leg, back",12:19:00,12:56:00,51,True
3063,Chaddy,35,1,,17:22:00,18:51:00,177,True
3064,Bridget,12,5,,10:41:00,12:56:00,78,True
3066,Constancia,21,4,,13:06:00,15:49:00,127,True
3068,Shelden,38,3,"Leg, Cardio",13:04:00,15:03:00,60,True
3071,Vincenz,33,1,"chest, chest, Cardio",13:04:00,14:35:00,151,True
3079,Morgan,37,3,"Core, Cardio, chest",12:44:00,14:31:00,150,True
3082,Sayres,39,4,"Leg, Leg, Core",18:55:00,21:36:00,91,True
3084,Rusty,39,3,"back, Arm, Leg",9:15:00,12:06:00,35,True
3085,Crin,36,3,"Arm, Leg",19:07:00,19:49:00,166,True
3088,Karolina,22,2,,11:29:00,12:29:00,122,True
3089,Shirlee,48,1,back,10:34:00,11:38:00,104,True
3094,Karlyn,25,4,chest,16:43:00,17:27:00,55,True
3095,Jen,14,2,"chest, Leg, Cardio",10:10:00,11:24:00,139,True
3096,Hunt,43,5,,10:28:00,13:10:00,125,True
3097,Barnebas,40,1,,14:16:00,15:12:00,178,True
3098,Emanuel,46,2,,16:57:00,18:07:00,107,True
3100,Cherise,15,5,,8:34:00,9:53:00,90,True
3101,Giselbert,48,2,Arm,10:11:00,12:14:00,177,True
3104,Rodi,27,3,,13:19:00,14:55:00,91,True
3107,Shawnee,29,1,,20:13:00,23:00:00,131,True
3112,Waylin,33,1,"Cardio, Cardio, back",16:33:00,18:39:00,168,True
3114,Catherine,32,1,,13:51:00,16:27:00,67,True
3118,Esra,14,3,,8:23:00,11:10:00,114,True
3119,Bank,43,5,"Arm, chest",13:30:00,14:12:00,125,True
3120,Selle,16,5,,14:55:00,15:47:00,79,True
3121,Robinetta,48,4,"chest, back, Cardio",19:19:00,20:10:00,38,True
3123,Carmencita,29,2,,9:46:00,10:59:00,96,True
3125,Jae,35,3,,14:09:00,15:20:00,86,True
3130,Cody,49,5,,19:40:00,20:13:00,61,True
3131,Garrott,17,2,,15:41:00,17:17:00,161,True
3134,Pooh,14,5,"Leg, Leg, Core",9:31:00,10:47:00,155,True
3136,Helga,18,5,,16:51:00,18:58:00,97,True
3137,Marga,45,1,,10:32:00,11:36:00,81,True
3139,Nesta,42,4,,19:28:00,22:07:00,99,True
3141,Park,32,1,Cardio,19:59:00,21:54:00,174,True
3144,Rickard,49,1,Core,20:30:00,22:23:00,58,True
3146,Julina,49,5,"Core, chest, back",20:23:00,23:12:00,101,True
3149,Andrew,19,3,,17:57:00,18:41:00,106,True
3153,Gail,13,1,"Leg, Leg, Core",16:41:00,18:43:00,48,True
3154,Burke,19,4,"back, Core",11:18:00,14:07:00,85,True
3157,Jillie,12,3,,11:51:00,13:56:00,40,True
3158,Torrance,22,4,,14:12:00,17:04:00,32,True
3161,Adriane,24,1,Core,15:41:00,16:43:00,140,True
3163,Cesaro,25,3,,8:42:00,9:39:00,99,True
3167,Nessie,12,4,"Leg, Cardio, back",9:55:00,11:08:00,73,True
3168,Desi,43,4,Leg,12:27:00,14:20:00,34,True
3169,Odelinda,39,1,"back, Leg",13:32:00,14:12:00,141,True
3171,Corabella,40,5,,16:39:00,18:24:00,59,True
3173,Feliks,20,4,,16:55:00,19:23:00,168,True
3176,Burty,41,2,,9:34:00,11:21:00,47,True
3180,Nolly,28,2,back,8:33:00,9:21:00,98,True
3181,Jeremiah,27,5,"back, Core",10:50:00,13:48:00,164,True
3183,Steffen,42,2,,13:06:00,13:50:00,100,True
3186,Chloe,35,3,,17:42:00,19:32:00,164,True
3187,Salvidor,35,5,Cardio,19:49:00,22:43:00,48,True
3196,Kendrick,38,2,,20:01:00,21:55:00,167,True
3197,Cord,35,2,,13:53:00,15:55:00,60,True
3199,Elfie,18,2,,9:55:00,10:32:00,119,True
3201,Sheffield,25,4,"Arm, Cardio",13:31:00,14:48:00,151,True
3202,Gualterio,14,3,,8:21:00,10:03:00,75,True
3205,Trey,48,3,,9:57:00,12:28:00,61,True
3212,Giffer,28,5,,17:21:00,18:33:00,42,True
3214,Reiko,14,2,,8:34:00,10:25:00,133,True
3216,Isaak,37,1,,12:37:00,14:46:00,77,True
3219,Harland,39,3,"Leg, back",14:59:00,16:48:00,179,True
3220,Any,49,5,,20:57:00,23:26:00,30,True
3222,Jesse,20,2,"Cardio, Leg, Arm",20:01:00,22:57:00,85,True
3223,Mata,23,3,,20:23:00,21:18:00,87,True
3225,Cletis,18,5,,20:08:00,21:33:00,60,True
3228,Rowan,37,4,Leg,19:05:00,20:08:00,129,True
3229,Harper,26,3,,20:39:00,21:33:00,103,True
3230,Alanson,26,5,"back, Core",16:31:00,18:54:00,62,True
3233,Jennilee,20,3,,8:34:00,11:04:00,142,True
3235,Teirtza,24,4,,11:49:00,12:36:00,137,True
3238,Irene,46,4,"Cardio, Cardio",20:15:00,22:22:00,145,True
3239,Claudius,17,3,"Core, chest",17:30:00,18:31:00,134,True
3240,Stanton,43,5,back,15:49:00,17:30:00,167,True
3241,Hedwig,18,4,,11:03:00,11:33:00,177,True
3244,Sella,44,3,back,13:50:00,16:37:00,126,True
3246,Kary,48,1,,9:12:00,11:51:00,48,True
3248,Lib,39,2,,14:59:00,16:34:00,33,True
3249,Deloris,39,3,Core,18:00:00,19:58:00,93,True
3250,Peter,28,3,,13:26:00,16:21:00,99,True
3253,Sergio,43,3,"back, Cardio, chest",14:33:00,15:57:00,74,True
3254,Alexei,16,3,,17:12:00,19:36:00,173,True
3262,Caritta,33,5,"back, back, Leg",8:39:00,10:43:00,165,True
3263,Star,23,2,,8:17:00,10:24:00,64,True
3266,Prudence,14,3,"Core, back, chest",18:07:00,19:57:00,137,True
3267,Bertie,16,1,,11:33:00,12:31:00,52,True
3268,Chadwick,20,1,,18:08:00,20:23:00,55,True
3271,Craggy,35,1,,10:08:00,11:55:00,97,True
3272,Arley,32,2,back,13:20:00,14:14:00,110,True
3277,Trista,22,3,,10:38:00,12:08:00,63,True
3279,Mathilda,36,3,,10:43:00,13:06:00,91,True
3280,Zachariah,27,3,"Cardio, Core",10:29:00,12:54:00,65,True
3286,Dimitry,21,5,,20:16:00,22:00:00,141,True
3287,Hieronymus,36,2,chest,19:39:00,21:37:00,174,True
3288,Piggy,17,3,,17:30:00,18:03:00,143,True
3291,Barbi,39,5,,9:49:00,11:52:00,135,True
3294,Maitilde,42,5,"back, Core",13:14:00,15:31:00,33,True
3295,Abbie,15,1,,15:28:00,17:03:00,153,True
3297,Georas,25,1,,17:29:00,18:11:00,82,True
3298,Nicki,34,3,,19:17:00,21:29:00,128,True
3299,Avis,19,4,,12:31:00,13:28:00,164,True
3300,Ives,38,1,Leg,14:53:00,16:22:00,101,True
3303,Therese,22,4,,13:32:00,16:17:00,52,True
3306,Seumas,45,4,"Leg, Core, Arm",11:47:00,13:09:00,74,True
3309,Virge,46,4,,15:05:00,17:09:00,177,True
3316,Eric,28,3,,20:52:00,23:41:00,74,True
3317,Willie,30,1,,11:06:00,12:27:00,130,True
3320,Lavinia,31,3,Arm,9:36:00,11:51:00,44,True
3323,Benjamin,36,4,Leg,17:11:00,18:30:00,66,True
3327,Noel,32,2,,14:01:00,16:10:00,76,True
3334,Keelby,48,1,,17:29:00,18:04:00,178,True
3335,Ladonna,39,3,,13:42:00,15:36:00,50,True
3343,Andreana,45,3,Leg,9:53:00,11:35:00,72,True
3344,Janela,23,4,"Arm, Cardio",12:50:00,13:59:00,90,True
3347,Valentine,27,3,,16:51:00,17:42:00,73,True
3362,Melli,40,2,Cardio,11:51:00,12:21:00,121,True
3366,Nicolais,34,1,,10:31:00,13:18:00,133,True
3367,Cissy,49,5,"Core, Leg, back",20:22:00,21:13:00,75,True
3368,Luca,29,1,"chest, Arm",20:41:00,23:06:00,121,True
3370,Maryellen,41,2,Leg,13:08:00,14:53:00,148,True
3372,Ilyse,35,2,"Leg, back, Leg",11:18:00,12:58:00,150,True
3376,Beryle,39,2,"chest, chest",20:16:00,22:46:00,80,True
3377,Parke,27,2,,14:36:00,16:16:00,66,True
3382,Hagen,41,5,Arm,14:20:00,16:59:00,164,True
3384,Priscilla,21,2,"chest, Arm",17:35:00,19:12:00,83,True
3388,Ave,29,3,Cardio,20:23:00,22:44:00,82,True
3391,Cordelie,14,2,,13:34:00,15:09:00,145,True
3392,Dreddy,19,3,"Leg, Arm",8:25:00,9:19:00,172,True
3393,Lenna,48,1,"Core, back, chest",10:09:00,11:45:00,98,True
3394,Taffy,21,1,,9:30:00,11:33:00,134,True
3395,Shelly,29,4,,19:59:00,22:08:00,131,True
3396,Yetta,19,5,,13:08:00,15:57:00,67,True
3399,Rafferty,27,2,,8:38:00,10:51:00,127,True
3407,Oralie,14,5,"Cardio, Leg",17:29:00,19:55:00,131,True
3410,Zedekiah,48,4,,11:20:00,14:17:00,146,True
3416,Olag,37,2,Cardio,19:37:00,20:28:00,167,True
3421,Caitlin,16,1,,14:54:00,16:01:00,157,True
3423,Koren,42,4,"Core, Cardio, Leg",18:48:00,20:55:00,32,True
3431,Willard,32,2,Core,16:01:00,17:47:00,178,True
3432,Reed,28,4,"back, Leg, Cardio",10:56:00,11:54:00,46,True
3434,Sabra,44,2,,18:14:00,20:34:00,84,True
3437,Aldwin,49,2,"Cardio, Leg, chest",16:29:00,17:28:00,68,True
3448,Jean,41,4,,17:22:00,19:06:00,87,True
3449,Catriona,39,3,"chest, Cardio, back",18:43:00,19:47:00,70,True
3450,Hunter,43,4,"Leg, chest, Core",19:08:00,21:45:00,51,True
3451,Cherish,43,5,chest,14:27:00,15:02:00,90,True
3452,Augusta,15,5,Leg,16:21:00,19:15:00,55,True
3460,Blithe,21,3,,9:22:00,11:52:00,93,True
3464,Arda,28,3,"chest, Core",20:54:00,23:53:00,125,True
3469,Decca,13,1,Cardio,13:39:00,15:34:00,72,True
3473,Boniface,18,1,Leg,9:46:00,11:11:00,117,True
3478,Claretta,34,2,,11:56:00,14:22:00,104,True
3489,Huntley,36,4,,12:42:00,14:00:00,139,True
3490,Sheilakathryn,23,5,,9:55:00,11:52:00,173,True
3494,Mil,44,2,"chest, Core",11:50:00,14:03:00,77,True
3501,Gib,12,5,"Cardio, chest",19:22:00,21:24:00,114,True
3503,Sib,40,1,,15:10:00,16:35:00,121,True
3504,Filia,47,2,"Arm, Leg, Cardio",12:33:00,13:14:00,45,True
3506,Dasie,23,4,,18:28:00,20:13:00,152,True
3515,Laney,30,2,,8:29:00,10:48:00,140,True
3519,Hollis,14,2,"Core, Leg, Arm",10:34:00,12:07:00,49,True
3525,Charisse,33,4,,18:22:00,19:32:00,33,True
3526,Tailor,12,1,Core,13:43:00,14:38:00,96,True
3530,Sandy,19,1,"back, chest",19:59:00,20:45:00,65,True
3531,Zacharie,32,2,"back, chest",14:51:00,16:43:00,76,True
3532,Skell,31,4,"chest, back, Core",16:04:00,17:35:00,63,True
3535,Enos,38,4,chest,17:46:00,18:42:00,142,True
3536,Giselbert,39,1,,16:05:00,17:44:00,81,True
3537,Jane,44,5,"chest, chest, Leg",10:22:00,10:58:00,52,True
3555,Garner,18,3,"chest, Cardio",19:22:00,21:45:00,154,True
3559,Bride,43,4,,17:54:00,20:01:00,116,True
3561,Monique,34,2,chest,13:20:00,14:11:00,67,True
3563,Filippa,46,3,,18:39:00,20:06:00,56,True
3567,Verile,26,4,back,19:09:00,21:43:00,128,True
3572,Sheila,17,5,"Leg, Cardio",17:04:00,18:45:00,134,True
3573,Iggie,37,2,,18:16:00,21:00:00,115,True
3582,Avie,28,1,"chest, chest",14:41:00,16:39:00,53,True
3583,Giacinta,38,2,,16:34:00,18:52:00,179,True
3585,Courtenay,17,2,back,20:45:00,22:20:00,168,True
3587,Cammy,34,4,Leg,15:57:00,17:27:00,79,True
3588,Rochester,15,4,"chest, Core",8:22:00,9:58:00,175,True
3589,Adham,47,2,,14:06:00,15:33:00,30,True
3590,Toby,45,3,"Core, Cardio",9:51:00,11:47:00,71,True
3591,Waylen,44,5,"Arm, Cardio, back",12:50:00,13:26:00,79,True
3593,Honor,13,3,,19:51:00,20:25:00,118,True
3595,Orazio,20,2,"chest, back, Core",17:06:00,18:28:00,137,True
3596,Darius,33,5,,20:46:00,23:33:00,42,True
3599,Weber,43,2,,8:35:00,10:58:00,148,True
3600,Meyer,32,3,,19:40:00,20:39:00,32,True
3602,Germayne,21,3,,15:41:00,17:45:00,163,True
3606,Ruben,35,5,"Core, Cardio, Leg",20:39:00,22:49:00,92,True
3607,Maureene,46,1,,16:20:00,17:41:00,77,True
3608,Ekaterina,16,3,Arm,8:46:00,9:19:00,38,True
3611,Arly,14,2,"back, Core, Leg",14:49:00,16:43:00,45,True
3616,Dennis,15,3,,11:30:00,12:56:00,115,True
3617,Duffie,19,5,,15:28:00,16:07:00,33,True
3620,Geneva,29,5,"Core, Core",10:26:00,11:50:00,134,True
3622,Glory,20,1,"back, Arm",15:30:00,16:19:00,80,True
3625,Olympie,39,4,,19:28:00,20:35:00,171,True
3628,Welbie,26,3,,16:53:00,18:40:00,162,True
3629,Jean,47,1,,11:02:00,11:46:00,58,True
3631,Cordy,35,3,,8:50:00,10:06:00,65,True
3633,Trula,34,3,Leg,14:42:00,16:22:00,137,True
3636,Georgeanne,48,5,"Core, back",13:24:00,14:20:00,161,True
3640,Romola,21,3,"chest, Cardio",10:00:00,11:01:00,41,True
3642,Noelle,21,1,back,12:42:00,15:38:00,54,True
3647,Rodd,34,4,"back, chest",18:58:00,21:40:00,146,True
3649,Noelani,30,5,,13:50:00,14:35:00,32,True
3650,Holly,33,5,"back, chest, Leg",14:54:00,17:17:00,49,True
3651,Bradley,29,4,,20:36:00,21:48:00,118,True
3652,Jermayne,35,2,,11:06:00,13:25:00,180,True
3653,Bradford,24,1,,13:11:00,14:08:00,42,True
3655,Demetris,23,2,,9:20:00,12:09:00,47,True
3656,Barbabas,30,5,"back, Cardio, chest",17:13:00,19:26:00,72,True
3662,Giffer,32,5,"back, Arm, Cardio",11:41:00,14:07:00,63,True
3666,Hesther,33,3,Cardio,10:42:00,12:53:00,68,True
3667,Lewie,34,2,"Leg, Core, chest",11:46:00,13:24:00,123,True
3668,Nessy,42,5,"Cardio, Core, Arm",15:00:00,17:49:00,146,True
3672,Duffie,45,5,"Cardio, chest, Leg",8:13:00,10:10:00,116,True
3673,Tomi,18,1,back,10:49:00,11:21:00,162,True
3674,Yehudit,28,2,"Arm, back, Cardio",20:16:00,21:57:00,176,True
3677,Tonia,20,5,chest,9:06:00,10:41:00,102,True
3678,Jessie,24,1,,13:57:00,16:22:00,153,True
3680,Farlee,32,1,"Cardio, back",16:33:00,19:17:00,125,True
3682,Maximilien,35,5,,10:54:00,13:07:00,66,True
3683,Kenneth,12,1,"Arm, back",20:23:00,23:12:00,85,True
3687,Wendall,30,5,back,9:13:00,10:21:00,87,True
3689,Elke,14,3,,9:47:00,12:08:00,164,True
3692,Matelda,31,3,"chest, Cardio, Arm",16:21:00,17:05:00,47,True
3693,Mignonne,42,5,,17:34:00,19:15:00,147,True
3697,Alejandro,44,5,"chest, Arm, Leg",10:31:00,12:14:00,54,True
3699,Peadar,24,1,"back, chest",18:06:00,20:05:00,92,True
3701,Julia,16,2,"back, chest, Leg",11:19:00,13:31:00,69,True
3703,Travers,28,4,"Cardio, Leg",16:01:00,19:01:00,98,True
3706,Hayley,43,4,,11:05:00,13:40:00,144,True
3711,Nelli,36,1,"Core, Leg, Cardio",9:57:00,12:44:00,82,True
3712,Paul,41,4,"Core, Leg",13:12:00,14:47:00,93,True
3713,Walt,17,3,chest,10:37:00,11:27:00,34,True
3716,Emiline,19,1,Leg,18:15:00,18:56:00,37,True
3721,Haskel,32,3,,8:38:00,11:17:00,68,True
3725,Querida,35,4,,19:18:00,21:30:00,132,True
3727,Zeb,27,1,"Leg, Arm, Core",11:51:00,13:01:00,142,True
3728,Raina,29,5,"Core, Leg, Cardio",20:57:00,22:46:00,75,True
3730,Courtnay,14,2,,15:28:00,18:18:00,38,True
3736,WArmaker,49,2,Core,20:54:00,21:45:00,93,True
3749,Yolande,36,3,"Arm, back, chest",10:42:00,11:42:00,125,True
3750,Agnese,13,2,"chest, back, chest",10:28:00,11:32:00,97,True
3752,Daile,34,4,,8:05:00,10:17:00,116,True
3753,Jacquette,20,3,,10:11:00,12:17:00,179,True
3754,Vida,40,2,,15:13:00,16:46:00,159,True
3758,Gabbi,27,4,,15:16:00,16:04:00,180,True
3760,Simmonds,38,2,"Core, Leg",9:29:00,11:20:00,30,True
3763,Gabbie,25,1,Cardio,15:39:00,18:01:00,171,True
3764,Lars,25,2,"Core, back",8:10:00,11:10:00,93,True
3766,Kally,48,4,back,14:44:00,17:19:00,147,True
3767,Lin,15,1,,13:07:00,14:15:00,64,True
3774,Dario,32,5,,12:32:00,13:09:00,90,True
3775,Odella,31,1,Cardio,9:35:00,11:04:00,135,True
3776,Shannan,44,3,,18:44:00,20:27:00,163,True
3780,Dulsea,37,4,,13:20:00,15:17:00,113,True
3781,Martyn,29,4,"Cardio, chest, back",16:32:00,17:50:00,167,True
3792,Celestina,17,4,Arm,11:44:00,12:54:00,99,True
3794,Vallie,24,1,,17:17:00,18:20:00,180,True
3797,Alley,34,5,Leg,9:41:00,10:37:00,86,True
3801,Bonita,37,3,"Cardio, chest, Arm",19:19:00,21:34:00,37,True
3804,Ben,41,2,,8:59:00,11:37:00,80,True
3808,Sosanna,48,3,,16:32:00,18:06:00,139,True
3814,Naoma,14,4,Leg,15:34:00,18:05:00,51,True
3817,Ailee,49,3,,17:06:00,19:24:00,118,True
3818,Gavin,30,5,Cardio,11:51:00,13:03:00,159,True
3819,Vi,19,1,,8:23:00,11:19:00,52,True
3820,Kial,45,2,,14:33:00,16:35:00,129,True
3821,Romona,34,4,Core,13:20:00,14:57:00,134,True
3822,Mischa,17,5,,19:44:00,21:50:00,135,True
3824,Junie,14,4,,17:59:00,19:01:00,147,True
3827,WArm,35,4,"Leg, Cardio, back",14:33:00,17:08:00,133,True
3828,Margarita,12,2,back,15:53:00,17:27:00,33,True
3830,Micky,24,4,"Cardio, back",12:05:00,14:43:00,84,True
3832,Caralie,36,4,,8:41:00,9:59:00,50,True
3838,Montague,46,1,"Core, Arm, chest",20:40:00,21:39:00,166,True
3839,Ynes,24,2,,8:54:00,9:43:00,79,True
3844,Ogdan,35,4,"back, Cardio, Leg",13:40:00,14:30:00,108,True
3853,Westbrooke,48,2,"Arm, Core",12:16:00,14:58:00,57,True
3859,Mikey,15,2,"Arm, chest",14:45:00,15:46:00,149,True
3863,Wash,27,3,,11:08:00,11:42:00,91,True
3866,Evangelia,41,2,"Core, back",11:46:00,14:21:00,82,True
3867,Anderea,33,5,Cardio,16:05:00,17:13:00,80,True
3870,Chic,16,4,"Arm, Leg",12:59:00,15:22:00,108,True
3871,Annora,26,2,"Core, Core, Cardio",12:21:00,14:19:00,114,True
3872,Brennen,18,4,,9:46:00,12:00:00,112,True
3875,Lester,27,5,"chest, back",13:45:00,15:30:00,38,True
3877,Hobart,34,1,,9:12:00,10:55:00,167,True
3878,Elisa,26,3,,14:04:00,16:59:00,131,True
3879,Lil,20,5,,10:39:00,13:26:00,87,True
3882,Johnna,32,2,,15:39:00,16:35:00,107,True
3887,Cord,36,5,,19:04:00,19:49:00,161,True
3891,Hamilton,23,2,,11:26:00,12:50:00,77,True
3894,Eileen,30,4,"Core, Leg",15:06:00,16:40:00,167,True
3895,Robinet,37,1,,16:53:00,17:28:00,80,True
3896,Franni,12,2,,10:05:00,11:47:00,44,True
3897,Andra,33,2,Cardio,9:39:00,12:29:00,31,True
3900,Gretel,47,1,,19:13:00,21:37:00,69,True
3903,Florry,21,5,"Core, back, Cardio",19:07:00,21:28:00,108,True
3914,Ker,29,2,,17:41:00,19:16:00,151,True
3919,Devlin,22,3,,19:43:00,20:53:00,61,True
3920,Angelique,39,3,,10:23:00,13:20:00,141,True
3926,Gerick,49,5,,9:16:00,11:09:00,77,True
3927,Tye,23,3,Leg,10:03:00,10:53:00,46,True
3931,Dori,32,4,,16:33:00,18:18:00,143,True
3932,Francklin,48,5,"back, Cardio, Core",10:48:00,12:18:00,165,True
3934,Dionis,28,5,,13:53:00,15:44:00,74,True
3936,Briano,28,3,"chest, Core, back",15:31:00,16:33:00,178,True
3937,Parsifal,30,3,"Core, chest, Leg",10:55:00,11:28:00,179,True
3939,Carlen,14,1,,12:50:00,13:21:00,86,True
3940,Beatriz,26,3,"chest, back",20:25:00,21:04:00,71,True
3944,Marty,42,1,,9:41:00,12:34:00,136,True
3948,Hanna,34,4,"Leg, chest, back",11:39:00,13:59:00,123,True
3951,Grayce,36,3,"Arm, Core",11:36:00,12:31:00,75,True
3952,Ricky,26,5,"Core, back, Cardio",19:21:00,20:04:00,76,True
3953,Jacquenetta,46,3,"chest, back",18:47:00,21:14:00,81,True
3954,Ivor,47,3,"Arm, back, back",15:27:00,18:03:00,107,True
3957,Thomasin,37,4,,17:43:00,20:24:00,121,True
3958,Doroteya,35,1,back,13:59:00,15:31:00,83,True
3959,Gunilla,36,4,,9:22:00,9:52:00,112,True
3961,Kellen,26,2,,10:24:00,11:28:00,143,True
3962,Wenona,14,5,,13:28:00,15:55:00,100,True
3966,Aldous,16,1,,16:49:00,19:19:00,144,True
3972,Kit,25,4,"back, Cardio, Core",14:44:00,16:18:00,176,True
3974,Samaria,45,5,"Leg, Leg, chest",11:10:00,12:14:00,162,True
3976,Veda,45,2,,16:39:00,19:26:00,52,True
3984,Jamal,34,2,"Cardio, Leg, back",16:04:00,17:22:00,72,True
3987,Hadria,33,4,,19:04:00,20:26:00,170,True
3988,Rad,44,5,,10:48:00,12:45:00,175,True
3992,Isidor,40,3,back,10:24:00,12:21:00,143,True
3993,Melantha,21,1,"Leg, Cardio, Leg",9:42:00,10:49:00,46,True
3994,Averill,49,2,"Cardio, Arm",19:50:00,20:24:00,94,True
3995,Cora,21,1,,10:16:00,11:11:00,168,True
3996,Karlen,37,5,,20:56:00,22:59:00,83,True
3999,Brigg,46,3,"Arm, Leg, Core",10:23:00,11:45:00,104,True
4000,Norrie,27,5,,16:41:00,17:13:00,127,True
4001,Fey,49,2,"back, chest",19:31:00,21:29:00,38,True
4002,Doralin,34,3,,19:31:00,21:55:00,105,True
4003,Linc,30,2,"Core, Cardio",8:29:00,10:49:00,120,True
4004,Darren,42,5,,9:54:00,12:00:00,90,True
4005,Petr,23,2,Leg,8:29:00,9:48:00,162,True
4009,Borden,30,4,"chest, Leg, chest",9:45:00,11:15:00,69,True
4010,Abbye,18,2,,13:05:00,15:56:00,165,True
4012,Ely,20,3,Cardio,10:12:00,11:46:00,32,True
4014,Alie,25,3,,19:50:00,22:43:00,71,True
4020,Abe,25,2,"chest, back, Core",13:55:00,16:26:00,134,True
4023,Kimberlee,37,1,Arm,20:56:00,21:56:00,109,True
4024,Mar,22,5,,14:34:00,15:13:00,104,True
4027,Kenon,35,4,"Core, Leg, Core",15:01:00,16:51:00,148,True
4032,Nataniel,33,3,,20:53:00,21:34:00,100,True
4033,Hestia,26,3,Cardio,10:23:00,11:43:00,149,True
4036,Morie,36,3,"Core, chest, Arm",13:39:00,14:10:00,133,True
4037,Shelby,42,1,,9:02:00,11:39:00,97,True
4041,Samantha,34,4,,16:04:00,18:50:00,123,True
4047,Sigfrid,12,3,,15:02:00,16:06:00,89,True
4049,Anette,33,3,back,11:56:00,14:53:00,131,True
4052,Nathanil,26,4,"chest, Leg",20:58:00,23:44:00,135,True
4054,Maud,42,2,"Cardio, Leg, chest",20:36:00,23:18:00,147,True
4056,Paten,32,4,,17:13:00,18:53:00,165,True
4057,Isahella,18,2,,8:36:00,9:29:00,38,True
4058,Benton,44,5,"chest, Leg, back",12:19:00,12:56:00,42,True
4063,Chaddy,18,1,,17:22:00,18:51:00,177,True
4064,Bridget,21,2,,10:41:00,12:56:00,123,True
4066,Constancia,43,5,,13:06:00,15:49:00,96,True
4068,Shelden,36,2,"Leg, Cardio",13:04:00,15:03:00,36,True
4071,Vincenz,15,4,"chest, chest, Cardio",13:04:00,14:35:00,95,True
4079,Morgan,38,3,"Core, Cardio, chest",12:44:00,14:31:00,49,True
4082,Sayres,36,1,"Leg, Leg, Core",18:55:00,21:36:00,57,True
4084,Rusty,29,3,"back, Arm, Leg",9:15:00,12:06:00,107,True
4085,Crin,19,2,"Arm, Leg",19:07:00,19:49:00,109,True
4088,Karolina,42,2,,11:29:00,12:29:00,50,True
4089,Shirlee,15,1,back,10:34:00,11:38:00,158,True
4094,Karlyn,32,4,chest,16:43:00,17:27:00,172,True
4095,Jen,27,5,"chest, Leg, Cardio",10:10:00,11:24:00,117,True
4096,Hunt,20,1,,10:28:00,13:10:00,64,True
4097,Barnebas,44,5,,14:16:00,15:12:00,30,True
4098,Emanuel,27,2,,16:57:00,18:07:00,180,True
4100,Cherise,37,5,,8:34:00,9:53:00,118,True
4101,Giselbert,34,2,Arm,10:11:00,12:14:00,84,True
4104,Rodi,48,4,,13:19:00,14:55:00,156,True
4107,Shawnee,17,2,,20:13:00,23:00:00,180,True
4112,Waylin,25,5,"Cardio, Cardio, back",16:33:00,18:39:00,105,True
4114,Catherine,28,4,,13:51:00,16:27:00,44,True
4118,Esra,13,3,,8:23:00,11:10:00,44,True
4119,Bank,47,4,"Arm, chest",13:30:00,14:12:00,51,True
4120,Selle,49,2,,14:55:00,15:47:00,167,True
4121,Robinetta,25,3,"chest, back, Cardio",19:19:00,20:10:00,82,True
4123,Carmencita,12,4,,9:46:00,10:59:00,164,True
4125,Jae,36,5,,14:09:00,15:20:00,156,True
4130,Cody,48,3,,19:40:00,20:13:00,49,True
4131,Garrott,16,2,,15:41:00,17:17:00,114,True
4134,Pooh,21,4,"Leg, Leg, Core",9:31:00,10:47:00,112,True
4136,Helga,20,2,,16:51:00,18:58:00,106,True
4137,Marga,26,1,,10:32:00,11:36:00,58,True
4139,Nesta,43,4,,19:28:00,22:07:00,58,True
4141,Park,24,1,Cardio,19:59:00,21:54:00,40,True
4144,Rickard,49,1,Core,20:30:00,22:23:00,40,True
4146,Julina,22,4,"Core, chest, back",20:23:00,23:12:00,140,True
4149,Andrew,22,5,,17:57:00,18:41:00,43,True
4153,Gail,14,4,"Leg, Leg, Core",16:41:00,18:43:00,122,True
4154,Burke,45,1,"back, Core",11:18:00,14:07:00,71,True
4157,Jillie,36,2,,11:51:00,13:56:00,106,True
4158,Torrance,39,3,,14:12:00,17:04:00,101,True
4161,Adriane,21,4,Core,15:41:00,16:43:00,105,True
4163,Cesaro,40,4,,8:42:00,9:39:00,166,True
4167,Nessie,49,3,"Leg, Cardio, back",9:55:00,11:08:00,127,True
4168,Desi,21,4,Leg,12:27:00,14:20:00,39,True
4169,Odelinda,41,3,"back, Leg",13:32:00,14:12:00,69,True
4171,Corabella,46,4,,16:39:00,18:24:00,80,True
4173,Feliks,36,4,,16:55:00,19:23:00,60,True
4176,Burty,45,1,,9:34:00,11:21:00,122,True
4180,Nolly,13,2,back,8:33:00,9:21:00,147,True
4181,Jeremiah,23,4,"back, Core",10:50:00,13:48:00,44,True
4183,Steffen,49,5,,13:06:00,13:50:00,160,True
4186,Chloe,44,1,,17:42:00,19:32:00,103,True
4187,Salvidor,22,5,Cardio,19:49:00,22:43:00,179,True
4196,Kendrick,28,4,,20:01:00,21:55:00,116,True
4197,Cord,23,2,,13:53:00,15:55:00,74,True
4199,Elfie,25,1,,9:55:00,10:32:00,150,True
4201,Sheffield,40,2,"Arm, Cardio",13:31:00,14:48:00,99,True
4202,Gualterio,31,4,,8:21:00,10:03:00,148,True
4205,Trey,27,1,,9:57:00,12:28:00,161,True
4212,Giffer,18,1,,17:21:00,18:33:00,104,True
4214,Reiko,37,4,,8:34:00,10:25:00,30,True
4216,Isaak,33,4,,12:37:00,14:46:00,60,True
4219,Harland,13,2,"Leg, back",14:59:00,16:48:00,83,True
4220,Any,14,4,,20:57:00,23:26:00,158,True
4222,Jesse,24,3,"Cardio, Leg, Arm",20:01:00,22:57:00,37,True
4223,Mata,21,5,,20:23:00,21:18:00,67,True
4225,Cletis,29,4,,20:08:00,21:33:00,118,True
4228,Rowan,13,4,Leg,19:05:00,20:08:00,154,True
4229,Harper,26,5,,20:39:00,21:33:00,165,True
4230,Alanson,24,1,"back, Core",16:31:00,18:54:00,164,True
4233,Jennilee,32,3,,8:34:00,11:04:00,170,True
4235,Teirtza,31,1,,11:49:00,12:36:00,31,True
4238,Irene,44,3,"Cardio, Cardio",20:15:00,22:22:00,61,True
4239,Claudius,18,4,"Core, chest",17:30:00,18:31:00,75,True
4240,Stanton,23,3,back,15:49:00,17:30:00,163,True
4241,Hedwig,13,5,,11:03:00,11:33:00,32,True
4244,Sella,30,3,back,13:50:00,16:37:00,69,True
4246,Kary,13,4,,9:12:00,11:51:00,110,True
4248,Lib,38,5,,14:59:00,16:34:00,58,True
4249,Deloris,22,4,Core,18:00:00,19:58:00,59,True
4250,Peter,44,4,,13:26:00,16:21:00,105,True
4253,Sergio,13,4,"back, Cardio, chest",14:33:00,15:57:00,30,True
4254,Alexei,23,1,,17:12:00,19:36:00,160,True
4262,Caritta,39,5,"back, back, Leg",8:39:00,10:43:00,53,True
4263,Star,26,5,,8:17:00,10:24:00,180,True
4266,Prudence,25,1,"Core, back, chest",18:07:00,19:57:00,83,True
4267,Bertie,46,1,,11:33:00,12:31:00,99,True
4268,Chadwick,46,4,,18:08:00,20:23:00,170,True
4271,Craggy,23,2,,10:08:00,11:55:00,173,True
4272,Arley,31,4,back,13:20:00,14:14:00,69,True
4277,Trista,48,1,,10:38:00,12:08:00,157,True
4279,Mathilda,18,5,,10:43:00,13:06:00,107,True
4280,Zachariah,22,4,"Cardio, Core",10:29:00,12:54:00,123,True
4286,Dimitry,21,5,,20:16:00,22:00:00,40,True
4287,Hieronymus,13,5,chest,19:39:00,21:37:00,60,True
4288,Piggy,14,1,,17:30:00,18:03:00,46,True
4291,Barbi,27,5,,9:49:00,11:52:00,139,True
4294,Maitilde,14,5,"back, Core",13:14:00,15:31:00,174,True
4295,Abbie,40,5,,15:28:00,17:03:00,144,True
4297,Georas,29,2,,17:29:00,18:11:00,78,True
4298,Nicki,43,4,,19:17:00,21:29:00,122,True
4299,Avis,46,4,,12:31:00,13:28:00,148,True
4300,Ives,46,2,Leg,14:53:00,16:22:00,126,True
4303,Therese,49,5,,13:32:00,16:17:00,60,True
4306,Seumas,26,5,"Leg, Core, Arm",11:47:00,13:09:00,83,True
4309,Virge,14,4,,15:05:00,17:09:00,110,True
4316,Eric,13,1,,20:52:00,23:41:00,89,True
4317,Willie,42,5,,11:06:00,12:27:00,143,True
4320,Lavinia,14,4,Arm,9:36:00,11:51:00,149,True
4323,Benjamin,24,5,Leg,17:11:00,18:30:00,115,True
4327,Noel,45,5,,14:01:00,16:10:00,75,True
4334,Keelby,26,3,,17:29:00,18:04:00,67,True
4335,Ladonna,24,4,,13:42:00,15:36:00,125,True
4343,Andreana,29,1,Leg,9:53:00,11:35:00,167,True
4344,Janela,37,1,"Arm, Cardio",12:50:00,13:59:00,150,True
4347,Valentine,22,1,,16:51:00,17:42:00,71,True
4362,Melli,40,1,Cardio,11:51:00,12:21:00,175,True
4366,Nicolais,28,2,,10:31:00,13:18:00,120,True
4367,Cissy,14,4,"Core, Leg, back",20:22:00,21:13:00,43,True
4368,Luca,30,2,"chest, Arm",20:41:00,23:06:00,118,True
4370,Maryellen,25,4,Leg,13:08:00,14:53:00,31,True
4372,Ilyse,47,5,"Leg, back, Leg",11:18:00,12:58:00,31,True
4376,Beryle,34,1,"chest, chest",20:16:00,22:46:00,110,True
4377,Parke,16,2,,14:36:00,16:16:00,80,True
4382,Hagen,12,2,Arm,14:20:00,16:59:00,87,True
4384,Priscilla,31,5,"chest, Arm",17:35:00,19:12:00,161,True
4388,Ave,17,5,Cardio,20:23:00,22:44:00,110,True
4391,Cordelie,40,1,,13:34:00,15:09:00,160,True
4392,Dreddy,26,3,"Leg, Arm",8:25:00,9:19:00,65,True
4393,Lenna,44,2,"Core, back, chest",10:09:00,11:45:00,156,True
4394,Taffy,25,1,,9:30:00,11:33:00,126,True
4395,Shelly,29,4,,19:59:00,22:08:00,98,True
4396,Yetta,24,5,,13:08:00,15:57:00,125,True
4399,Rafferty,22,4,,8:38:00,10:51:00,71,True
4407,Oralie,16,3,"Cardio, Leg",17:29:00,19:55:00,69,True
4410,Zedekiah,32,3,,11:20:00,14:17:00,103,True
4416,Olag,26,3,Cardio,19:37:00,20:28:00,171,True
4421,Caitlin,39,4,,14:54:00,16:01:00,60,True
4423,Koren,22,2,"Core, Cardio, Leg",18:48:00,20:55:00,89,True
4431,Willard,47,4,Core,16:01:00,17:47:00,124,True
4432,Reed,45,2,"back, Leg, Cardio",10:56:00,11:54:00,30,True
4434,Sabra,42,2,,18:14:00,20:34:00,53,True
4437,Aldwin,34,5,"Cardio, Leg, chest",16:29:00,17:28:00,70,True
4448,Jean,43,4,,17:22:00,19:06:00,97,True
4449,Catriona,44,3,"chest, Cardio, back",18:43:00,19:47:00,73,True
4450,Hunter,29,1,"Leg, chest, Core",19:08:00,21:45:00,173,True
4451,Cherish,19,4,chest,14:27:00,15:02:00,45,True
4452,Augusta,42,5,Leg,16:21:00,19:15:00,116,True
4460,Blithe,46,1,,9:22:00,11:52:00,56,True
4464,Arda,25,5,"chest, Core",20:54:00,23:53:00,45,True
4469,Decca,27,2,Cardio,13:39:00,15:34:00,40,True
4473,Boniface,37,5,Leg,9:46:00,11:11:00,148,True
4478,Claretta,45,5,,11:56:00,14:22:00,108,True
4489,Huntley,27,4,,12:42:00,14:00:00,108,True
4490,Sheilakathryn,27,2,,9:55:00,11:52:00,88,True
4494,Mil,34,3,"chest, Core",11:50:00,14:03:00,44,True
4501,Gib,16,3,"Cardio, chest",19:22:00,21:24:00,155,True
4503,Sib,14,1,,15:10:00,16:35:00,170,True
4504,Filia,25,1,"Arm, Leg, Cardio",12:33:00,13:14:00,42,True
4506,Dasie,38,4,,18:28:00,20:13:00,149,True
4515,Laney,31,2,,8:29:00,10:48:00,73,True
4519,Hollis,43,1,"Core, Leg, Arm",10:34:00,12:07:00,84,True
4525,Charisse,21,5,,18:22:00,19:32:00,104,True
4526,Tailor,30,1,Core,13:43:00,14:38:00,107,True
4530,Sandy,14,5,"back, chest",19:59:00,20:45:00,71,True
4531,Zacharie,38,2,"back, chest",14:51:00,16:43:00,35,True
4532,Skell,38,4,"chest, back, Core",16:04:00,17:35:00,160,True
4535,Enos,33,2,chest,17:46:00,18:42:00,174,True
4536,Giselbert,32,3,,16:05:00,17:44:00,42,True
4537,Jane,31,2,"chest, chest, Leg",10:22:00,10:58:00,178,True
4555,Garner,49,4,"chest, Cardio",19:22:00,21:45:00,32,True
4559,Bride,28,1,,17:54:00,20:01:00,140,True
4561,Monique,44,5,chest,13:20:00,14:11:00,129,True
4563,Filippa,28,3,,18:39:00,20:06:00,154,True
4567,Verile,41,1,back,19:09:00,21:43:00,166,True
4572,Sheila,24,4,"Leg, Cardio",17:04:00,18:45:00,66,True
4573,Iggie,47,2,,18:16:00,21:00:00,98,True
4582,Avie,15,4,"chest, chest",14:41:00,16:39:00,140,True
4583,Giacinta,48,1,,16:34:00,18:52:00,44,True
4585,Courtenay,43,3,back,20:45:00,22:20:00,131,True
4587,Cammy,45,3,Leg,15:57:00,17:27:00,50,True
4588,Rochester,30,2,"chest, Core",8:22:00,9:58:00,30,True
4589,Adham,44,2,,14:06:00,15:33:00,161,True
4590,Toby,48,4,"Core, Cardio",9:51:00,11:47:00,105,True
4591,Waylen,43,2,"Arm, Cardio, back",12:50:00,13:26:00,86,True
4593,Honor,23,1,,19:51:00,20:25:00,63,True
4595,Orazio,33,4,"chest, back, Core",17:06:00,18:28:00,172,True
4596,Darius,23,2,,20:46:00,23:33:00,127,True
4599,Weber,35,1,,8:35:00,10:58:00,152,True
4600,Meyer,21,1,,19:40:00,20:39:00,47,True
4602,Germayne,41,5,,15:41:00,17:45:00,38,True
4606,Ruben,44,1,"Core, Cardio, Leg",20:39:00,22:49:00,120,True
4607,Maureene,44,2,,16:20:00,17:41:00,98,True
4608,Ekaterina,14,5,Arm,8:46:00,9:19:00,141,True
4611,Arly,23,5,"back, Core, Leg",14:49:00,16:43:00,32,True
4616,Dennis,27,1,,11:30:00,12:56:00,94,True
4617,Duffie,21,3,,15:28:00,16:07:00,83,True
4620,Geneva,13,1,"Core, Core",10:26:00,11:50:00,93,True
4622,Glory,24,2,"back, Arm",15:30:00,16:19:00,55,True
4625,Olympie,38,5,,19:28:00,20:35:00,151,True
4628,Welbie,24,1,,16:53:00,18:40:00,175,True
4629,Jean,43,1,,11:02:00,11:46:00,144,True
4631,Cordy,32,4,,8:50:00,10:06:00,49,True
4633,Trula,43,4,Leg,14:42:00,16:22:00,135,True
4636,Georgeanne,28,3,"Core, back",13:24:00,14:20:00,90,True
4640,Romola,38,2,"chest, Cardio",10:00:00,11:01:00,97,True
4642,Noelle,18,2,back,12:42:00,15:38:00,134,True
4647,Rodd,31,1,"back, chest",18:58:00,21:40:00,66,True
4649,Noelani,36,3,,13:50:00,14:35:00,30,True
4650,Holly,42,1,"back, chest, Leg",14:54:00,17:17:00,75,True
4651,Bradley,42,5,,20:36:00,21:48:00,118,True
4652,Jermayne,34,4,,11:06:00,13:25:00,34,True
4653,Bradford,20,2,,13:11:00,14:08:00,180,True
4655,Demetris,47,5,,9:20:00,12:09:00,167,True
4656,Barbabas,37,5,"back, Cardio, chest",17:13:00,19:26:00,143,True
4662,Giffer,16,5,"back, Arm, Cardio",11:41:00,14:07:00,163,True
4666,Hesther,13,4,Cardio,10:42:00,12:53:00,147,True
4667,Lewie,44,4,"Leg, Core, chest",11:46:00,13:24:00,150,True
4668,Nessy,47,4,"Cardio, Core, Arm",15:00:00,17:49:00,162,True
4672,Duffie,33,3,"Cardio, chest, Leg",8:13:00,10:10:00,86,True
4673,Tomi,46,1,back,10:49:00,11:21:00,34,True
4674,Yehudit,20,5,"Arm, back, Cardio",20:16:00,21:57:00,125,True
4677,Tonia,14,1,chest,9:06:00,10:41:00,74,True
4678,Jessie,14,3,,13:57:00,16:22:00,104,True
4680,Farlee,42,3,"Cardio, back",16:33:00,19:17:00,134,True
4682,Maximilien,15,1,,10:54:00,13:07:00,88,True
4683,Kenneth,16,3,"Arm, back",20:23:00,23:12:00,57,True
4687,Wendall,48,2,back,9:13:00,10:21:00,119,True
4689,Elke,49,2,,9:47:00,12:08:00,108,True
4692,Matelda,26,5,"chest, Cardio, Arm",16:21:00,17:05:00,72,True
4693,Mignonne,38,3,,17:34:00,19:15:00,95,True
4697,Alejandro,48,1,"chest, Arm, Leg",10:31:00,12:14:00,86,True
4699,Peadar,33,5,"back, chest",18:06:00,20:05:00,67,True
4701,Julia,32,1,"back, chest, Leg",11:19:00,13:31:00,69,True
4703,Travers,42,1,"Cardio, Leg",16:01:00,19:01:00,174,True
4706,Hayley,48,4,,11:05:00,13:40:00,137,True
4711,Nelli,47,5,"Core, Leg, Cardio",9:57:00,12:44:00,42,True
4712,Paul,34,5,"Core, Leg",13:12:00,14:47:00,43,True
4713,Walt,23,5,chest,10:37:00,11:27:00,107,True
4716,Emiline,15,1,Leg,18:15:00,18:56:00,152,True
4721,Haskel,39,1,,8:38:00,11:17:00,73,True
4725,Querida,34,5,,19:18:00,21:30:00,41,True
4727,Zeb,24,1,"Leg, Arm, Core",11:51:00,13:01:00,154,True
4728,Raina,32,3,"Core, Leg, Cardio",20:57:00,22:46:00,171,True
4730,Courtnay,30,4,,15:28:00,18:18:00,157,True
4736,WArmaker,19,4,Core,20:54:00,21:45:00,173,True
4749,Yolande,20,5,"Arm, back, chest",10:42:00,11:42:00,32,True
4750,Agnese,44,3,"chest, back, chest",10:28:00,11:32:00,63,True
4752,Daile,45,3,,8:05:00,10:17:00,168,True
4753,Jacquette,22,4,,10:11:00,12:17:00,180,True
4754,Vida,31,2,,15:13:00,16:46:00,32,True
4758,Gabbi,22,1,,15:16:00,16:04:00,124,True
4760,Simmonds,47,3,"Core, Leg",9:29:00,11:20:00,37,True
4763,Gabbie,47,5,Cardio,15:39:00,18:01:00,168,True
4764,Lars,40,3,"Core, back",8:10:00,11:10:00,80,True
4766,Kally,23,1,back,14:44:00,17:19:00,157,True
4767,Lin,26,2,,13:07:00,14:15:00,176,True
4774,Dario,44,5,,12:32:00,13:09:00,126,True
4775,Odella,20,2,Cardio,9:35:00,11:04:00,59,True
4776,Shannan,16,5,,18:44:00,20:27:00,65,True
4780,Dulsea,17,3,,13:20:00,15:17:00,79,True
4781,Martyn,36,1,"Cardio, chest, back",16:32:00,17:50:00,93,True
4792,Celestina,36,4,Arm,11:44:00,12:54:00,140,True
4794,Vallie,41,3,,17:17:00,18:20:00,119,True
4797,Alley,29,1,Leg,9:41:00,10:37:00,159,True
4801,Bonita,45,1,"Cardio, chest, Arm",19:19:00,21:34:00,85,True
4804,Ben,28,1,,8:59:00,11:37:00,137,True
4808,Sosanna,17,4,,16:32:00,18:06:00,116,True
4814,Naoma,29,2,Leg,15:34:00,18:05:00,138,True
4817,Ailee,23,2,,17:06:00,19:24:00,99,True
4818,Gavin,16,2,Cardio,11:51:00,13:03:00,43,True
4819,Vi,18,2,,8:23:00,11:19:00,148,True
4820,Kial,47,2,,14:33:00,16:35:00,155,True
4821,Romona,37,1,Core,13:20:00,14:57:00,114,True
4822,Mischa,24,5,,19:44:00,21:50:00,108,True
4824,Junie,16,4,,17:59:00,19:01:00,125,True
4827,WArm,23,4,"Leg, Cardio, back",14:33:00,17:08:00,129,True
4828,Margarita,39,4,back,15:53:00,17:27:00,143,True
4830,Micky,47,3,"Cardio, back",12:05:00,14:43:00,73,True
4832,Caralie,12,1,,8:41:00,9:59:00,40,True
4838,Montague,47,4,"Core, Arm, chest",20:40:00,21:39:00,119,True
4839,Ynes,48,3,,8:54:00,9:43:00,104,True
4844,Ogdan,21,5,"back, Cardio, Leg",13:40:00,14:30:00,67,True
4853,Westbrooke,39,2,"Arm, Core",12:16:00,14:58:00,44,True
4859,Mikey,34,2,"Arm, chest",14:45:00,15:46:00,75,True
4863,Wash,18,5,,11:08:00,11:42:00,81,True
4866,Evangelia,12,3,"Core, back",11:46:00,14:21:00,69,True
4867,Anderea,21,5,Cardio,16:05:00,17:13:00,49,True
4870,Chic,41,2,"Arm, Leg",12:59:00,15:22:00,141,True
4871,Annora,43,1,"Core, Core, Cardio",12:21:00,14:19:00,40,True
4872,Brennen,23,3,,9:46:00,12:00:00,46,True
4875,Lester,44,4,"chest, back",13:45:00,15:30:00,116,True
4877,Hobart,38,2,,9:12:00,10:55:00,82,True
4878,Elisa,22,2,,14:04:00,16:59:00,160,True
4879,Lil,38,3,,10:39:00,13:26:00,143,True
4882,Johnna,26,3,,15:39:00,16:35:00,104,True
4887,Cord,23,3,,19:04:00,19:49:00,66,True
4891,Hamilton,15,4,,11:26:00,12:50:00,151,True
4894,Eileen,38,3,"Core, Leg",15:06:00,16:40:00,134,True
4895,Robinet,33,4,,16:53:00,17:28:00,56,True
4896,Franni,17,2,,10:05:00,11:47:00,88,True
4897,Andra,22,1,Cardio,9:39:00,12:29:00,113,True
4900,Gretel,28,5,,19:13:00,21:37:00,95,True
4903,Florry,23,4,"Core, back, Cardio",19:07:00,21:28:00,71,True
4914,Ker,47,4,,17:41:00,19:16:00,147,True
4919,Devlin,27,2,,19:43:00,20:53:00,117,True
4920,Angelique,21,5,,10:23:00,13:20:00,167,True
4926,Gerick,48,1,,9:16:00,11:09:00,92,True
4927,Tye,16,3,Leg,10:03:00,10:53:00,137,True
4931,Dori,41,5,,16:33:00,18:18:00,144,True
4932,Francklin,27,1,"back, Cardio, Core",10:48:00,12:18:00,81,True
4934,Dionis,14,4,,13:53:00,15:44:00,33,True
4936,Briano,48,3,"chest, Core, back",15:31:00,16:33:00,108,True
4937,Parsifal,21,1,"Core, chest, Leg",10:55:00,11:28:00,107,True
4939,Carlen,46,4,,12:50:00,13:21:00,60,True
4940,Beatriz,48,1,"chest, back",20:25:00,21:04:00,65,True
4944,Marty,15,2,,9:41:00,12:34:00,172,True
4948,Hanna,21,1,"Leg, chest, back",11:39:00,13:59:00,98,True
4951,Grayce,32,2,"Arm, Core",11:36:00,12:31:00,118,True
4952,Ricky,25,1,"Core, back, Cardio",19:21:00,20:04:00,131,True
4953,Jacquenetta,29,1,"chest, back",18:47:00,21:14:00,60,True
4954,Ivor,13,5,"Arm, back, back",15:27:00,18:03:00,52,True
4957,Thomasin,28,4,,17:43:00,20:24:00,175,True
4958,Doroteya,34,4,back,13:59:00,15:31:00,42,True
4959,Gunilla,32,4,,9:22:00,9:52:00,91,True
4961,Kellen,46,1,,10:24:00,11:28:00,68,True
4962,Wenona,16,1,,13:28:00,15:55:00,94,True
4966,Aldous,28,2,,16:49:00,19:19:00,134,True
4972,Kit,22,4,"back, Cardio, Core",14:44:00,16:18:00,31,True
4974,Samaria,36,4,"Leg, Leg, chest",11:10:00,12:14:00,142,True
4976,Veda,29,1,,16:39:00,19:26:00,74,True
4984,Jamal,27,3,"Cardio, Leg, back",16:04:00,17:22:00,142,True
4987,Hadria,20,4,,19:04:00,20:26:00,79,True
4988,Rad,36,5,,10:48:00,12:45:00,84,True
4992,Isidor,16,3,back,10:24:00,12:21:00,83,True
4993,Melantha,25,2,"Leg, Cardio, Leg",9:42:00,10:49:00,172,True
4994,Averill,37,4,"Cardio, Arm",19:50:00,20:24:00,136,True
4995,Cora,49,3,,10:16:00,11:11:00,61,True
4996,Karlen,40,5,,20:56:00,22:59:00,146,True
4999,Brigg,18,4,"Arm, Leg, Core",10:23:00,11:45:00,160,True
5000,Norrie,44,5,,16:41:00,17:13:00,104,True
